-- phpMyAdmin SQL Dump
-- version 3.5.2.2
-- http://www.phpmyadmin.net
--
-- Host: 127.0.0.1
-- Generation Time: Dec 18, 2013 at 07:25 AM
-- Server version: 5.5.27
-- PHP Version: 5.4.7

SET SQL_MODE="NO_AUTO_VALUE_ON_ZERO";
SET time_zone = "+00:00";


/*!40101 SET @OLD_CHARACTER_SET_CLIENT=@@CHARACTER_SET_CLIENT */;
/*!40101 SET @OLD_CHARACTER_SET_RESULTS=@@CHARACTER_SET_RESULTS */;
/*!40101 SET @OLD_COLLATION_CONNECTION=@@COLLATION_CONNECTION */;
/*!40101 SET NAMES utf8 */;

--
-- Database: `db_ecommerce`
--

-- --------------------------------------------------------

--
-- Table structure for table `tbl_admin`
--

CREATE TABLE IF NOT EXISTS `tbl_admin` (
  `admin_id` int(2) NOT NULL AUTO_INCREMENT,
  `admin_full_name` varchar(50) NOT NULL,
  `admin_email_address` varchar(256) NOT NULL,
  `admin_password` varchar(32) NOT NULL,
  PRIMARY KEY (`admin_id`)
) ENGINE=InnoDB  DEFAULT CHARSET=utf8 AUTO_INCREMENT=3 ;

--
-- Dumping data for table `tbl_admin`
--

INSERT INTO `tbl_admin` (`admin_id`, `admin_full_name`, `admin_email_address`, `admin_password`) VALUES
(1, 'Md. Saahil Alam Talha', 'saahil.alam@gmail.com', 'e10adc3949ba59abbe56e057f20f883e'),
(2, 'juel', 'juelrana0@gmail.com', '0eb798f893e81ba56160e112aafa3a65');

-- --------------------------------------------------------

--
-- Table structure for table `tbl_category`
--

CREATE TABLE IF NOT EXISTS `tbl_category` (
  `category_id` int(5) NOT NULL AUTO_INCREMENT,
  `category_name` varchar(100) NOT NULL,
  `category_description` text NOT NULL,
  `publication_status` tinyint(1) NOT NULL,
  PRIMARY KEY (`category_id`)
) ENGINE=InnoDB  DEFAULT CHARSET=utf8 AUTO_INCREMENT=21 ;

--
-- Dumping data for table `tbl_category`
--

INSERT INTO `tbl_category` (`category_id`, `category_name`, `category_description`, `publication_status`) VALUES
(1, 'Sports', '----------------', 1),
(2, 'Computer', 'new description', 1),
(3, 'Pen', '------------', 1),
(4, 'Mouse', '----------', 1),
(5, 'Keyboard', '-------------', 1),
(7, 'Ram', '-----------', 1),
(9, 'Mother Board', '---------', 1),
(10, 'Food', '---------', 0),
(11, 'Drinks', '--------', 1),
(13, 'Kids', '-------------', 1),
(14, 'Mobile', '----', 1),
(15, 'Energy Bulb', '-------', 1),
(16, 'Fan', '-------', 1),
(17, 'Tool Kits', '------', 1),
(19, 'Dairy', 'ddd', 1),
(20, 'switch', '', 1);

-- --------------------------------------------------------

--
-- Table structure for table `tbl_contact`
--

CREATE TABLE IF NOT EXISTS `tbl_contact` (
  `contact_id` int(4) NOT NULL AUTO_INCREMENT,
  `name` varchar(25) NOT NULL,
  `email` varchar(256) NOT NULL,
  `subject` varchar(100) NOT NULL,
  `message` text NOT NULL,
  `msg_date_time` timestamp NOT NULL DEFAULT CURRENT_TIMESTAMP,
  PRIMARY KEY (`contact_id`)
) ENGINE=InnoDB  DEFAULT CHARSET=utf8 AUTO_INCREMENT=9 ;

--
-- Dumping data for table `tbl_contact`
--

INSERT INTO `tbl_contact` (`contact_id`, `name`, `email`, `subject`, `message`, `msg_date_time`) VALUES
(4, 'Khalid', 'khalid@gmail.com', 'how Protecting your information', 'Protecting your information is a priority for Glory Silver. We use Secure Sockets Layer (SSL) to encrypt your credit card number, name and address so only Glory Silver is able to decode your information. SSL is the industry standard method for computers to communicate securely without risk of data interception, manipulation or recipient impersonation. To be sure your connection is secure; when you are in the Shopping Cart, look at the lower corner of your browser window. If you see an unbroken key or closed lock, the SSL is active and your information is secure. Since most of the customers are still uncomfortable with providing your credit card online, we use PayPal and 2CheckOut services so they don''t need to give out credit card information.', '2013-11-09 18:00:00'),
(5, 'Juel Rana', 'juelrana0@yahoo.com', 'Introduction to e-Commerce', 'Electronic commerce (e-commerce) is a growing aspect of the business community. This formally is the use of digital transactions between and among businesses and individuals.  More commonly e-commerce is the use of the Internet to conduct business.  Initially emerging from the Electronic Data Interchange (EDI) e-commerce has gone through several major steps to get to its current point.  Through these steps there has been an emergence of several subsets of e-commerce and new technologies.  As a result of these changes and ', '2013-11-09 19:43:35'),
(6, 'Md. Juel Rana', 'juelrana0@yahoo.com', 'test', 'test', '2013-11-10 04:24:07'),
(7, 'aktar', 'aktar', 'test', 'hello', '2013-11-17 13:50:14'),
(8, 'Tuhin Rana', 'tuhin@gmail.com', 'info', 'what is your main service mr admin', '2013-11-23 16:20:22');

-- --------------------------------------------------------

--
-- Table structure for table `tbl_customer`
--

CREATE TABLE IF NOT EXISTS `tbl_customer` (
  `customer_id` int(5) NOT NULL AUTO_INCREMENT,
  `full_name` varchar(100) NOT NULL,
  `email_address` varchar(256) NOT NULL,
  `password` varchar(32) NOT NULL,
  `company_name` varchar(50) NOT NULL,
  `address` text NOT NULL,
  `mobile_no` varchar(14) NOT NULL,
  `city` varchar(50) NOT NULL,
  `country` varchar(50) NOT NULL,
  `zip_code` varchar(50) NOT NULL,
  PRIMARY KEY (`customer_id`)
) ENGINE=InnoDB  DEFAULT CHARSET=utf8 AUTO_INCREMENT=38 ;

--
-- Dumping data for table `tbl_customer`
--

INSERT INTO `tbl_customer` (`customer_id`, `full_name`, `email_address`, `password`, `company_name`, `address`, `mobile_no`, `city`, `country`, `zip_code`) VALUES
(15, 'saahil alam talha', 'saahil.alam@gmail.com', 'e10adc3949ba59abbe56e057f20f883e', '', 'Dhaka', '01912383496', 'dhaka', 'bangladesh', '1212'),
(19, 'Md. Samsul Alam', 'samsul.alam@gmail.com', '96e79218965eb72c92a549dd5a330112', '', 'Dhaka', '01711231142', 'Ishurdi', 'bangladesh', '6622'),
(21, 'Shafiul Alam', 'topu1826@gmail.com', '81dc9bdb52d04dc20036dbd8313ed055', '', 'Dhaka', '01711231142', 'Dhaka', 'bangladesh', '1208'),
(22, 'Shafiul Alam', 'topu1826@gmail.com', '81dc9bdb52d04dc20036dbd8313ed055', '', 'Dhaka', '01711231142', 'Dhaka', 'bangladesh', '1208'),
(23, 'Shafiul Alam', 'topu1826@gmail.com', '81dc9bdb52d04dc20036dbd8313ed055', '', 'Dhaka', '01711231142', 'Dhaka', 'bangladesh', '1208'),
(24, 'juelrana', 'juelrana0@gmail.com', '0eb798f893e81ba56160e112aafa3a65', 'icsba', 'dhaka', '01912383496', 'dhaka', 'bangladesh', '1208'),
(25, 'Jamil', 'jamil@gmail.com', '0eb798f893e81ba56160e112aafa3a65', 'ICSBA', 'Chuadanga', '01723800196', 'Chuadanga', 'bangladesh', '7200'),
(26, 'khalid', 'khalid@gmail.com', 'c4ca4238a0b923820dcc509a6f75849b', 'icsba', 'dhaka', '01723800196', 'dhaka', 'India', '7200'),
(27, 'mukul', 'mukul@gmail.com', 'c4ca4238a0b923820dcc509a6f75849b', 'ICSBA', 'dhaka', '01723800196', 'dhaka', 'Pakistan', '7200'),
(28, 'mukul', 'mukul@gmail.com', 'c4ca4238a0b923820dcc509a6f75849b', 'ICSBA', 'dhaka', '01723800196', 'dhaka', 'Pakistan', '7200'),
(29, 'jahid', 'jahid@gmail.com', '0eb798f893e81ba56160e112aafa3a65', 'icsba', 'dhaka', '01723800196', 'dhaka', 'bangladesh', '7200'),
(30, 'bappy', 'bappy@gmail.com', '0eb798f893e81ba56160e112aafa3a65', 'icsba', 'dhaka', '01912383496', 'dhaka', 'bangladesh', '7200'),
(31, 'Aktar', 'abc@gmail.com', 'ee4acff3c086b6ec26de0ca8c58c8b43', 'xyz', 'asdasda', '01717103734', 'dhaka', 'bangladesh', '12345'),
(32, 'aminul', 'aminul@gmail.com', 'c4ca4238a0b923820dcc509a6f75849b', 'jhhh', 'hggvhg', '01717103734', 'dhaka', 'Pakistan', '7200'),
(33, 'Md. Jakaria Hosen Bappi', 'jakaria215@yahoo.com', '1c34df5d1edaa8e6001daa9dbbf9dd03', 'BSB', 'Bogra', '01731337536', 'dhaka', 'bangladesh', '5821'),
(34, 'aminul', 'aminul@yahoo.com', 'c4ca4238a0b923820dcc509a6f75849b', 'ICSBA', 'dsds', '01723800196', 'dhaka', 'bangladesh', '7200'),
(35, 'Rana', 'sr.sohelrana@gmail.com', '25f9e794323b453885f5181f1b624d0b', 'Bangla Soft', 'Jhigatola,Dhaka.', '01717006334', 'Dhaka', 'bangladesh', '1215'),
(36, 'samim', 'samim@gmail.com', '0eb798f893e81ba56160e112aafa3a65', '', 'dhaka', '01723800196', 'dhaka', 'Pakistan', '1212'),
(37, 'tuhin', 'tuhin@gmail.com', 'c4ca4238a0b923820dcc509a6f75849b', '', 'dhaka', 'dhaka', 'dhaka', 'bangladesh', '12345');

-- --------------------------------------------------------

--
-- Table structure for table `tbl_customer_category`
--

CREATE TABLE IF NOT EXISTS `tbl_customer_category` (
  `customer_category_id` int(3) NOT NULL AUTO_INCREMENT,
  `customer_id` int(5) NOT NULL,
  `order_id` int(6) NOT NULL,
  `platinum_customer` tinyint(1) NOT NULL,
  `diamond_customer` tinyint(1) NOT NULL,
  `gold_customer` tinyint(1) NOT NULL,
  `silver_customer` tinyint(1) NOT NULL,
  `normal_customer` tinyint(1) NOT NULL,
  PRIMARY KEY (`customer_category_id`)
) ENGINE=InnoDB  DEFAULT CHARSET=utf8 AUTO_INCREMENT=140 ;

--
-- Dumping data for table `tbl_customer_category`
--

INSERT INTO `tbl_customer_category` (`customer_category_id`, `customer_id`, `order_id`, `platinum_customer`, `diamond_customer`, `gold_customer`, `silver_customer`, `normal_customer`) VALUES
(1, 24, 55, 0, 0, 1, 0, 0),
(2, 19, 60, 0, 0, 1, 0, 0),
(4, 24, 61, 1, 0, 0, 0, 0),
(6, 24, 62, 0, 0, 0, 0, 1),
(8, 24, 63, 0, 0, 0, 0, 1),
(9, 24, 64, 0, 0, 0, 0, 1),
(10, 24, 65, 0, 0, 0, 1, 0),
(11, 24, 66, 0, 1, 0, 0, 0),
(12, 24, 67, 0, 0, 1, 0, 0),
(13, 24, 68, 0, 0, 0, 0, 0),
(14, 24, 69, 0, 0, 0, 0, 1),
(15, 24, 70, 0, 1, 0, 0, 0),
(16, 24, 71, 0, 1, 0, 0, 0),
(17, 24, 72, 0, 1, 0, 0, 0),
(18, 24, 73, 0, 1, 0, 0, 0),
(19, 24, 74, 0, 1, 0, 0, 0),
(20, 24, 75, 0, 1, 0, 0, 0),
(21, 24, 76, 0, 1, 0, 0, 0),
(22, 24, 77, 0, 1, 0, 0, 0),
(23, 24, 78, 0, 1, 0, 0, 0),
(24, 24, 79, 0, 0, 0, 0, 1),
(25, 24, 80, 0, 0, 0, 0, 1),
(26, 24, 81, 0, 0, 0, 0, 1),
(27, 24, 82, 0, 0, 0, 0, 1),
(28, 24, 83, 0, 0, 0, 0, 1),
(29, 24, 84, 0, 0, 0, 0, 1),
(30, 24, 85, 0, 0, 0, 0, 1),
(31, 24, 86, 0, 0, 0, 0, 1),
(32, 24, 87, 0, 0, 0, 0, 1),
(33, 24, 88, 0, 0, 0, 0, 1),
(34, 24, 89, 0, 0, 0, 0, 1),
(35, 24, 90, 0, 0, 0, 0, 1),
(36, 24, 91, 0, 1, 0, 0, 0),
(37, 24, 92, 0, 1, 0, 0, 0),
(38, 24, 93, 0, 1, 0, 0, 0),
(39, 24, 94, 0, 1, 0, 0, 0),
(40, 24, 95, 0, 1, 0, 0, 0),
(41, 24, 96, 0, 1, 0, 0, 0),
(42, 24, 97, 0, 0, 1, 0, 0),
(43, 24, 98, 0, 0, 1, 0, 0),
(44, 24, 99, 0, 0, 1, 0, 0),
(45, 24, 100, 0, 0, 1, 0, 0),
(46, 24, 101, 0, 1, 0, 0, 0),
(47, 24, 102, 0, 0, 0, 0, 1),
(48, 15, 103, 1, 0, 0, 0, 0),
(49, 15, 104, 0, 1, 0, 0, 0),
(50, 24, 105, 0, 0, 0, 0, 1),
(51, 24, 106, 0, 0, 0, 0, 1),
(52, 24, 107, 0, 0, 0, 0, 1),
(53, 24, 108, 0, 0, 0, 0, 1),
(54, 24, 109, 0, 0, 0, 0, 1),
(55, 24, 110, 0, 0, 0, 0, 1),
(56, 24, 111, 0, 0, 0, 0, 1),
(57, 24, 112, 0, 0, 0, 0, 1),
(58, 24, 113, 0, 0, 0, 0, 1),
(59, 24, 114, 0, 0, 0, 0, 1),
(60, 24, 115, 0, 0, 0, 0, 1),
(61, 24, 116, 0, 1, 0, 0, 0),
(62, 24, 117, 0, 0, 0, 0, 1),
(63, 24, 118, 0, 0, 0, 0, 1),
(64, 24, 119, 0, 0, 0, 0, 1),
(65, 24, 120, 0, 1, 0, 0, 0),
(66, 24, 121, 0, 1, 0, 0, 0),
(67, 24, 122, 0, 1, 0, 0, 0),
(68, 24, 123, 0, 1, 0, 0, 0),
(69, 24, 124, 0, 1, 0, 0, 0),
(70, 24, 125, 0, 1, 0, 0, 0),
(71, 24, 126, 0, 1, 0, 0, 0),
(72, 24, 127, 0, 0, 0, 0, 1),
(73, 24, 128, 0, 0, 0, 0, 1),
(74, 24, 129, 0, 0, 0, 0, 1),
(75, 24, 130, 0, 0, 0, 0, 1),
(76, 24, 131, 0, 0, 0, 0, 1),
(77, 24, 132, 0, 0, 0, 0, 1),
(78, 24, 133, 1, 0, 0, 0, 0),
(79, 24, 134, 1, 0, 0, 0, 0),
(80, 24, 135, 1, 0, 0, 0, 0),
(81, 24, 136, 1, 0, 0, 0, 0),
(82, 24, 137, 1, 0, 0, 0, 0),
(83, 24, 138, 1, 0, 0, 0, 0),
(84, 24, 139, 0, 0, 0, 0, 1),
(85, 24, 140, 0, 0, 1, 0, 0),
(86, 24, 141, 1, 0, 0, 0, 0),
(87, 25, 142, 1, 0, 0, 0, 0),
(88, 25, 143, 1, 0, 0, 0, 0),
(89, 26, 144, 1, 0, 0, 0, 0),
(90, 28, 145, 1, 0, 0, 0, 0),
(91, 29, 146, 0, 0, 1, 0, 0),
(92, 30, 147, 1, 0, 0, 0, 0),
(93, 30, 148, 0, 0, 0, 0, 1),
(94, 27, 149, 0, 0, 0, 0, 0),
(95, 27, 150, 0, 0, 0, 0, 1),
(96, 30, 151, 0, 0, 0, 0, 0),
(97, 30, 152, 0, 0, 1, 0, 0),
(98, 30, 153, 0, 0, 0, 0, 1),
(99, 24, 154, 0, 0, 0, 0, 1),
(100, 27, 155, 1, 0, 0, 0, 0),
(101, 29, 156, 0, 0, 0, 0, 0),
(102, 29, 157, 0, 0, 0, 0, 0),
(103, 29, 158, 0, 0, 0, 0, 0),
(104, 29, 159, 0, 0, 0, 0, 1),
(105, 29, 160, 0, 0, 1, 0, 0),
(106, 29, 161, 0, 0, 0, 0, 0),
(107, 29, 162, 0, 0, 0, 0, 0),
(108, 29, 163, 0, 0, 1, 0, 0),
(109, 29, 164, 0, 0, 0, 1, 0),
(110, 29, 165, 0, 0, 0, 0, 1),
(111, 29, 166, 0, 1, 0, 0, 0),
(112, 29, 167, 1, 0, 0, 0, 0),
(113, 24, 168, 0, 0, 0, 0, 0),
(114, 24, 169, 1, 0, 0, 0, 0),
(115, 27, 170, 0, 1, 0, 0, 0),
(116, 29, 171, 0, 0, 1, 0, 0),
(117, 24, 172, 0, 0, 0, 0, 0),
(118, 30, 173, 0, 0, 0, 1, 0),
(119, 25, 174, 0, 0, 0, 0, 0),
(120, 24, 175, 0, 0, 0, 0, 1),
(121, 24, 176, 0, 0, 0, 0, 1),
(122, 27, 177, 0, 0, 0, 0, 1),
(123, 27, 178, 0, 0, 0, 0, 1),
(124, 27, 179, 0, 0, 0, 1, 0),
(125, 29, 180, 0, 0, 0, 0, 1),
(126, 31, 181, 0, 0, 0, 0, 1),
(127, 24, 182, 0, 0, 0, 0, 1),
(128, 27, 183, 0, 0, 1, 0, 0),
(129, 24, 184, 0, 0, 0, 0, 1),
(130, 32, 185, 0, 0, 0, 0, 1),
(131, 33, 186, 0, 0, 1, 0, 0),
(132, 24, 187, 0, 1, 0, 0, 0),
(133, 35, 188, 0, 0, 0, 0, 1),
(134, 35, 189, 0, 0, 0, 0, 1),
(135, 36, 190, 0, 1, 0, 0, 0),
(136, 37, 192, 0, 1, 0, 0, 0),
(137, 27, 193, 0, 0, 0, 0, 1),
(138, 24, 194, 1, 0, 0, 0, 0),
(139, 24, 195, 0, 0, 0, 0, 1);

-- --------------------------------------------------------

--
-- Table structure for table `tbl_order`
--

CREATE TABLE IF NOT EXISTS `tbl_order` (
  `order_id` int(6) NOT NULL AUTO_INCREMENT,
  `customer_id` int(5) NOT NULL,
  `shipping_id` int(6) NOT NULL,
  `payment_id` int(6) NOT NULL,
  `order_total` float(10,2) NOT NULL,
  `discount_amount` float(10,2) NOT NULL,
  `order_total_amount` float(10,2) NOT NULL,
  `ordered_date` timestamp NOT NULL DEFAULT CURRENT_TIMESTAMP,
  `delivary_date` date NOT NULL,
  `cancel_order` tinyint(1) NOT NULL,
  PRIMARY KEY (`order_id`)
) ENGINE=MyISAM  DEFAULT CHARSET=utf8 AUTO_INCREMENT=196 ;

--
-- Dumping data for table `tbl_order`
--

INSERT INTO `tbl_order` (`order_id`, `customer_id`, `shipping_id`, `payment_id`, `order_total`, `discount_amount`, `order_total_amount`, `ordered_date`, `delivary_date`, `cancel_order`) VALUES
(4, 15, 9, 4, 16000.00, 0.00, 0.00, '2013-09-27 14:56:06', '2013-10-04', 1),
(3, 15, 8, 3, 6500.00, 0.00, 0.00, '2013-09-27 14:44:14', '2013-10-04', 1),
(5, 24, 10, 5, 496400.00, 0.00, 0.00, '2013-09-27 15:02:51', '2013-10-04', 1),
(6, 15, 11, 6, 64000.00, 0.00, 0.00, '2013-09-27 15:48:46', '2013-10-04', 1),
(7, 24, 12, 7, 1700.00, 0.00, 0.00, '2013-09-27 15:50:18', '2013-10-04', 1),
(8, 24, 22, 8, 400.00, 0.00, 0.00, '2013-10-04 04:13:47', '2013-10-11', 1),
(9, 15, 23, 9, 400.00, 0.00, 0.00, '2013-10-04 04:34:37', '2013-10-11', 1),
(10, 24, 22, 10, 400.00, 0.00, 0.00, '2013-10-04 05:10:13', '2013-10-11', 1),
(11, 15, 23, 11, 400.00, 0.00, 0.00, '2013-10-04 06:23:37', '2013-10-11', 1),
(12, 24, 22, 12, 700.00, 0.00, 0.00, '2013-10-04 06:35:33', '2013-10-11', 1),
(13, 24, 22, 13, 700.00, 0.00, 0.00, '2013-10-04 06:35:40', '2013-10-11', 1),
(14, 15, 24, 14, 4400.00, 0.00, 0.00, '2013-10-05 04:51:06', '2013-10-12', 1),
(15, 15, 25, 15, 100.00, 0.00, 0.00, '2013-10-05 05:22:43', '2013-10-12', 1),
(16, 15, 25, 16, 100.00, 0.00, 0.00, '2013-10-05 05:26:52', '2013-10-12', 1),
(17, 15, 26, 17, 23700.00, 0.00, 0.00, '2013-10-05 06:46:11', '2013-10-12', 1),
(18, 15, 26, 18, 23700.00, 0.00, 0.00, '2013-10-05 08:44:46', '2013-10-12', 1),
(19, 15, 27, 19, 6400.00, 0.00, 0.00, '2013-10-05 15:33:45', '2013-10-12', 1),
(20, 15, 27, 20, 6400.00, 0.00, 0.00, '2013-10-05 15:36:20', '2013-10-12', 1),
(21, 15, 27, 21, 6400.00, 0.00, 0.00, '2013-10-05 15:36:59', '2013-10-12', 1),
(22, 15, 27, 22, 6400.00, 0.00, 0.00, '2013-10-05 15:37:24', '2013-10-12', 1),
(23, 15, 27, 23, 6400.00, 0.00, 0.00, '2013-10-05 15:38:15', '2013-10-12', 1),
(24, 15, 27, 24, 6400.00, 0.00, 0.00, '2013-10-05 15:38:21', '2013-10-12', 1),
(25, 15, 27, 25, 6400.00, 0.00, 0.00, '2013-10-05 15:38:41', '2013-10-12', 1),
(26, 15, 27, 26, 6400.00, 0.00, 0.00, '2013-10-05 15:40:14', '2013-10-12', 1),
(27, 15, 27, 27, 6400.00, 0.00, 0.00, '2013-10-05 15:40:18', '2013-10-12', 1),
(28, 15, 27, 28, 6400.00, 0.00, 0.00, '2013-10-05 15:40:49', '2013-10-12', 1),
(29, 15, 27, 29, 6400.00, 0.00, 0.00, '2013-10-05 15:42:10', '2013-10-12', 1),
(30, 15, 27, 30, 6400.00, 0.00, 0.00, '2013-10-05 15:42:15', '2013-10-12', 1),
(31, 15, 27, 31, 6400.00, 0.00, 0.00, '2013-10-05 15:43:18', '2013-10-12', 1),
(32, 15, 27, 32, 6400.00, 0.00, 0.00, '2013-10-05 15:43:29', '2013-10-12', 1),
(33, 15, 27, 33, 6400.00, 0.00, 0.00, '2013-10-05 15:44:04', '2013-10-12', 1),
(34, 15, 27, 34, 6400.00, 0.00, 0.00, '2013-10-05 15:45:06', '2013-10-12', 0),
(35, 15, 27, 35, 6400.00, 0.00, 0.00, '2013-10-05 15:45:15', '2013-10-12', 0),
(36, 15, 27, 36, 6400.00, 0.00, 0.00, '2013-10-05 15:45:24', '2013-10-12', 0),
(37, 15, 27, 37, 6400.00, 0.00, 0.00, '2013-10-05 15:45:53', '2013-10-12', 0),
(38, 15, 27, 38, 6400.00, 0.00, 0.00, '2013-10-05 15:46:42', '2013-10-12', 0),
(39, 15, 27, 39, 6400.00, 0.00, 0.00, '2013-10-05 15:57:41', '2013-10-12', 0),
(40, 15, 27, 40, 6400.00, 0.00, 0.00, '2013-10-05 15:58:10', '2013-10-12', 0),
(41, 15, 27, 41, 6400.00, 0.00, 0.00, '2013-10-05 15:58:35', '2013-10-12', 0),
(42, 15, 27, 42, 6400.00, 0.00, 0.00, '2013-10-05 15:59:47', '2013-10-12', 0),
(43, 15, 27, 43, 6400.00, 0.00, 0.00, '2013-10-05 16:00:17', '2013-10-12', 0),
(44, 15, 27, 44, 6400.00, 0.00, 0.00, '2013-10-05 16:00:52', '2013-10-12', 0),
(45, 15, 27, 45, 6400.00, 0.00, 0.00, '2013-10-05 16:01:27', '2013-10-12', 0),
(46, 15, 27, 46, 6400.00, 0.00, 0.00, '2013-10-05 16:01:49', '2013-10-12', 0),
(47, 24, 28, 47, 300.00, 0.00, 0.00, '2013-10-20 09:02:18', '2013-10-27', 0),
(48, 24, 28, 48, 300.00, 0.00, 0.00, '2013-10-20 09:03:15', '2013-10-27', 0),
(49, 24, 29, 49, 64000.00, 0.00, 0.00, '2013-10-23 08:48:02', '2013-10-30', 0),
(50, 24, 30, 50, 64600.00, 0.00, 0.00, '2013-10-25 14:04:23', '2013-11-01', 0),
(51, 24, 31, 51, 100.00, 0.00, 0.00, '2013-10-25 14:06:06', '2013-11-01', 0),
(52, 24, 32, 52, 50000.00, 0.00, 0.00, '2013-10-26 10:55:24', '2013-11-02', 1),
(53, 24, 33, 53, 9500.00, 0.00, 0.00, '2013-11-04 06:26:53', '2013-11-11', 0),
(54, 24, 34, 54, 2400.00, 0.00, 0.00, '2013-11-04 06:46:32', '2013-11-11', 0),
(55, 24, 34, 55, 2400.00, 0.00, 0.00, '2013-11-04 07:07:56', '2013-11-11', 0),
(56, 24, 35, 56, 900.00, 0.00, 0.00, '2013-11-04 07:09:09', '2013-11-11', 0),
(57, 24, 35, 57, 900.00, 0.00, 0.00, '2013-11-04 07:12:50', '2013-11-11', 0),
(58, 24, 35, 58, 900.00, 0.00, 0.00, '2013-11-04 07:12:55', '2013-11-11', 0),
(59, 24, 35, 59, 900.00, 0.00, 0.00, '2013-11-04 07:14:28', '2013-11-11', 0),
(60, 24, 35, 60, 900.00, 0.00, 0.00, '2013-11-04 07:15:22', '2013-11-11', 0),
(61, 24, 36, 61, 180000.00, 0.00, 0.00, '2013-11-04 07:17:36', '2013-11-11', 0),
(62, 24, 37, 62, 126000.00, 0.00, 0.00, '2013-11-04 07:19:02', '2013-11-11', 0),
(63, 24, 38, 63, 63000.00, 0.00, 0.00, '2013-11-04 07:40:28', '2013-11-11', 0),
(64, 24, 39, 64, 60000.00, 0.00, 0.00, '2013-11-04 07:43:20', '2013-11-11', 1),
(65, 24, 40, 65, 60000.00, 0.00, 0.00, '2013-11-04 08:29:53', '2013-11-11', 0),
(66, 24, 40, 66, 123000.00, 0.00, 0.00, '2013-11-04 08:30:43', '2013-11-11', 0),
(67, 24, 41, 67, 79000.00, 0.00, 0.00, '2013-11-04 08:32:38', '2013-11-11', 0),
(68, 24, 42, 68, 2000.00, 0.00, 0.00, '2013-11-04 09:02:33', '2013-11-11', 0),
(69, 24, 42, 69, 2000.00, 0.00, 0.00, '2013-11-04 09:06:15', '2013-11-11', 0),
(70, 24, 43, 70, 120000.00, 0.00, 0.00, '2013-11-04 09:07:07', '2013-11-11', 0),
(71, 24, 44, 71, 120000.00, 0.00, 0.00, '2013-11-05 05:37:25', '2013-11-12', 0),
(72, 24, 44, 72, 120000.00, 0.00, 0.00, '2013-11-05 05:48:40', '2013-11-12', 0),
(73, 24, 44, 73, 120000.00, 0.00, 0.00, '2013-11-05 05:49:17', '2013-11-12', 0),
(74, 24, 45, 74, 197000.00, 0.00, 0.00, '2013-11-07 15:50:48', '2013-11-14', 1),
(75, 24, 45, 75, 197000.00, 0.00, 0.00, '2013-11-07 15:53:03', '2013-11-14', 0),
(76, 24, 45, 76, 197000.00, 0.00, 0.00, '2013-11-07 15:53:47', '2013-11-14', 0),
(77, 24, 45, 77, 197000.00, 0.00, 0.00, '2013-11-07 16:06:38', '2013-11-14', 0),
(78, 24, 45, 78, 197000.00, 0.00, 0.00, '2013-11-07 16:13:00', '2013-11-14', 0),
(79, 24, 46, 79, 300.00, 0.00, 0.00, '2013-11-07 16:13:29', '2013-11-14', 0),
(80, 24, 46, 80, 300.00, 0.00, 0.00, '2013-11-07 16:13:29', '2013-11-14', 0),
(81, 24, 46, 81, 300.00, 0.00, 0.00, '2013-11-07 16:20:31', '2013-11-14', 0),
(82, 24, 46, 82, 300.00, 0.00, 0.00, '2013-11-07 16:25:46', '2013-11-14', 0),
(83, 24, 46, 83, 300.00, 0.00, 0.00, '2013-11-07 16:27:47', '2013-11-14', 0),
(84, 24, 46, 84, 300.00, 0.00, 0.00, '2013-11-07 16:28:03', '2013-11-14', 0),
(85, 24, 46, 85, 300.00, 0.00, 0.00, '2013-11-07 16:30:34', '2013-11-14', 0),
(86, 24, 46, 86, 300.00, 0.00, 0.00, '2013-11-07 16:30:39', '2013-11-14', 0),
(87, 24, 46, 87, 300.00, 0.00, 0.00, '2013-11-07 16:31:11', '2013-11-14', 0),
(88, 24, 46, 88, 300.00, 0.00, 0.00, '2013-11-07 16:31:31', '2013-11-14', 0),
(89, 24, 46, 89, 300.00, 0.00, 0.00, '2013-11-07 16:34:00', '2013-11-14', 0),
(90, 24, 46, 90, 300.00, 0.00, 0.00, '2013-11-07 16:34:23', '2013-11-14', 0),
(91, 24, 47, 91, 180000.00, 0.00, 0.00, '2013-11-07 16:35:11', '2013-11-14', 0),
(92, 24, 47, 92, 180000.00, 0.00, 0.00, '2013-11-07 16:37:13', '2013-11-14', 0),
(93, 24, 47, 93, 180000.00, 0.00, 0.00, '2013-11-07 16:37:42', '2013-11-14', 0),
(94, 24, 47, 94, 180000.00, 0.00, 0.00, '2013-11-07 16:37:53', '2013-11-14', 0),
(95, 24, 47, 95, 180000.00, 0.00, 0.00, '2013-11-07 16:46:21', '2013-11-14', 0),
(96, 24, 47, 96, 180000.00, 0.00, 0.00, '2013-11-07 16:46:38', '2013-11-14', 0),
(97, 24, 48, 97, 83000.00, 0.00, 0.00, '2013-11-07 16:50:42', '2013-11-14', 0),
(98, 24, 48, 98, 74700.00, 0.00, 0.00, '2013-11-07 17:17:30', '2013-11-14', 0),
(99, 24, 48, 99, 83000.00, 8300.00, 74700.00, '2013-11-07 17:25:00', '2013-11-14', 0),
(100, 24, 48, 100, 83000.00, 8300.00, 74700.00, '2013-11-07 17:35:44', '2013-11-14', 0),
(101, 24, 49, 101, 180000.00, 36000.00, 144000.00, '2013-11-07 17:36:33', '2013-11-14', 0),
(102, 24, 50, 102, 6800.00, 0.00, 6800.00, '2013-11-07 18:00:38', '2013-11-14', 0),
(103, 24, 50, 103, 258800.00, 51760.00, 207040.00, '2013-11-07 18:24:51', '2013-11-14', 0),
(104, 24, 51, 104, 180900.00, 27135.00, 153765.00, '2013-11-07 18:26:43', '2013-11-14', 0),
(105, 24, 52, 105, 22100.00, 0.00, 22100.00, '2013-11-09 10:37:15', '2013-11-16', 0),
(106, 24, 52, 106, 22100.00, 0.00, 22100.00, '2013-11-09 10:38:59', '2013-11-16', 0),
(107, 24, 53, 107, 600.00, 0.00, 600.00, '2013-11-09 10:42:36', '2013-11-16', 0),
(108, 24, 53, 108, 600.00, 0.00, 600.00, '2013-11-09 10:46:52', '2013-11-16', 0),
(109, 24, 53, 109, 600.00, 0.00, 600.00, '2013-11-09 11:00:28', '2013-11-16', 0),
(110, 24, 54, 110, 3000.00, 0.00, 3000.00, '2013-11-09 11:01:22', '2013-11-16', 0),
(111, 24, 55, 111, 1200.00, 0.00, 1200.00, '2013-11-09 11:04:28', '2013-11-16', 0),
(112, 24, 56, 112, 600.00, 0.00, 600.00, '2013-11-09 11:07:58', '2013-11-16', 0),
(113, 24, 56, 113, 600.00, 0.00, 600.00, '2013-11-09 11:08:54', '2013-11-16', 0),
(114, 24, 56, 114, 600.00, 0.00, 600.00, '2013-11-09 11:12:28', '2013-11-16', 0),
(115, 24, 56, 115, 600.00, 0.00, 0.00, '2013-11-09 11:15:06', '2013-11-16', 0),
(116, 24, 57, 116, 189000.00, 28350.00, 160650.00, '2013-11-09 12:06:52', '2013-11-16', 0),
(117, 24, 58, 117, 300.00, 0.00, 300.00, '2013-11-09 14:19:14', '2013-11-16', 0),
(118, 24, 59, 118, 300.00, 0.00, 0.00, '2013-11-09 14:20:57', '2013-11-16', 0),
(119, 24, 59, 119, 300.00, 0.00, 300.00, '2013-11-09 14:21:53', '2013-11-16', 0),
(120, 24, 60, 120, 192000.00, 28800.00, 163200.00, '2013-11-09 14:23:41', '2013-11-16', 0),
(121, 24, 60, 121, 192000.00, 0.00, 0.00, '2013-11-09 14:32:32', '2013-11-16', 0),
(122, 24, 60, 122, 192000.00, 0.00, 0.00, '2013-11-09 14:33:17', '2013-11-16', 0),
(123, 24, 60, 123, 192000.00, 0.00, 0.00, '2013-11-09 14:34:03', '2013-11-16', 0),
(124, 24, 60, 124, 192000.00, 0.00, 0.00, '2013-11-09 14:36:07', '2013-11-16', 0),
(125, 24, 60, 125, 192000.00, 0.00, 0.00, '2013-11-09 14:40:42', '2013-11-16', 0),
(126, 24, 60, 126, 192000.00, 0.00, 0.00, '2013-11-09 14:40:54', '2013-11-16', 0),
(127, 24, 61, 127, 12600.00, 0.00, 12600.00, '2013-11-09 14:42:24', '2013-11-16', 0),
(128, 24, 62, 128, 12600.00, 0.00, 12600.00, '2013-11-09 14:43:34', '2013-11-16', 0),
(129, 24, 62, 129, 12600.00, 0.00, 0.00, '2013-11-09 14:44:19', '2013-11-16', 0),
(130, 24, 63, 130, 600.00, 0.00, 600.00, '2013-11-09 17:23:50', '2013-11-16', 0),
(131, 24, 64, 131, 900.00, 0.00, 900.00, '2013-11-09 17:27:39', '2013-11-16', 0),
(132, 24, 65, 132, 12600.00, 0.00, 12600.00, '2013-11-09 17:28:51', '2013-11-16', 0),
(133, 24, 66, 133, 369000.00, 73800.00, 295200.00, '2013-11-09 17:31:34', '2013-11-16', 0),
(134, 24, 66, 134, 369000.00, 0.00, 0.00, '2013-11-09 17:36:07', '2013-11-16', 0),
(135, 24, 66, 135, 369000.00, 0.00, 0.00, '2013-11-09 17:36:39', '2013-11-16', 0),
(136, 24, 66, 136, 369000.00, 0.00, 0.00, '2013-11-09 17:39:23', '2013-11-16', 0),
(137, 24, 66, 137, 369000.00, 0.00, 0.00, '2013-11-09 17:50:11', '2013-11-16', 0),
(138, 24, 66, 138, 369000.00, 73800.00, 295200.00, '2013-11-09 17:55:26', '2013-11-16', 0),
(139, 24, 67, 139, 1500.00, 0.00, 1500.00, '2013-11-09 17:56:23', '2013-11-16', 1),
(140, 24, 68, 140, 120600.00, 12060.00, 108540.00, '2013-11-09 17:57:14', '2013-11-16', 0),
(141, 24, 70, 141, 260800.00, 52160.00, 208640.00, '2013-11-09 18:00:50', '2013-11-16', 0),
(142, 25, 71, 142, 252000.00, 50400.00, 201600.00, '2013-11-10 08:12:31', '2013-11-17', 0),
(143, 25, 71, 143, 252000.00, 50400.00, 201600.00, '2013-11-10 08:30:30', '2013-11-17', 1),
(144, 26, 72, 144, 240000.00, 48000.00, 192000.00, '2013-11-12 08:32:54', '2013-11-19', 0),
(145, 28, 73, 145, 375000.00, 75000.00, 300000.00, '2013-11-12 08:40:11', '2013-11-19', 0),
(146, 29, 74, 146, 134000.00, 13400.00, 120600.00, '2013-11-12 08:42:46', '2013-11-19', 0),
(147, 30, 75, 147, 315000.00, 63000.00, 252000.00, '2013-11-12 08:46:27', '2013-11-19', 0),
(148, 30, 75, 148, 300.00, 0.00, 300.00, '2013-11-12 08:47:34', '2013-11-19', 0),
(149, 27, 76, 149, 63000.00, 630.00, 62370.00, '2013-11-13 06:51:14', '2013-11-20', 0),
(150, 27, 76, 150, 100.00, 0.00, 100.00, '2013-11-13 06:54:06', '2013-11-20', 0),
(151, 30, 77, 151, 63000.00, 630.00, 62370.00, '2013-11-13 06:54:49', '2013-11-20', 0),
(152, 30, 78, 152, 126000.00, 12600.00, 113400.00, '2013-11-13 06:56:22', '2013-11-20', 0),
(153, 30, 78, 153, 300.00, 0.00, 300.00, '2013-11-13 06:56:38', '2013-11-20', 0),
(154, 24, 79, 154, 300.00, 0.00, 300.00, '2013-11-13 07:28:02', '2013-11-20', 0),
(155, 27, 80, 155, 301200.00, 60240.00, 240960.00, '2013-11-13 07:28:39', '2013-11-20', 0),
(156, 29, 81, 156, 60000.00, 600.00, 59400.00, '2013-11-13 07:57:09', '2013-11-20', 0),
(157, 29, 81, 157, 60000.00, 600.00, 59400.00, '2013-11-13 08:02:33', '2013-11-20', 0),
(158, 29, 81, 158, 63000.00, 630.00, 62370.00, '2013-11-13 08:02:45', '2013-11-20', 0),
(159, 29, 81, 159, 300.00, 0.00, 300.00, '2013-11-13 08:02:55', '2013-11-20', 0),
(160, 29, 81, 160, 123000.00, 12300.00, 110700.00, '2013-11-13 08:03:17', '2013-11-20', 0),
(161, 29, 81, 161, 60000.00, 600.00, 59400.00, '2013-11-13 08:06:15', '2013-11-20', 0),
(162, 29, 81, 162, 63000.00, 630.00, 62370.00, '2013-11-13 08:10:12', '2013-11-20', 0),
(163, 29, 81, 163, 126000.00, 12600.00, 113400.00, '2013-11-13 08:10:33', '2013-11-20', 0),
(164, 29, 81, 164, 83000.00, 4150.00, 78850.00, '2013-11-13 08:11:32', '2013-11-20', 0),
(165, 29, 81, 165, 300.00, 0.00, 300.00, '2013-11-13 08:11:55', '2013-11-20', 0),
(166, 29, 81, 166, 180000.00, 27000.00, 153000.00, '2013-11-13 08:12:56', '2013-11-20', 0),
(167, 29, 81, 167, 315000.00, 63000.00, 252000.00, '2013-11-13 08:13:24', '2013-11-20', 0),
(168, 24, 82, 168, 60000.00, 600.00, 59400.00, '2013-11-13 08:16:43', '2013-11-20', 0),
(169, 24, 83, 169, 630000.00, 126000.00, 504000.00, '2013-11-13 08:18:03', '2013-11-20', 0),
(170, 27, 84, 170, 189000.00, 28350.00, 160650.00, '2013-11-13 08:18:43', '2013-11-20', 0),
(171, 29, 85, 171, 126000.00, 12600.00, 113400.00, '2013-11-13 08:19:17', '2013-11-20', 0),
(172, 24, 86, 172, 63000.00, 630.00, 62370.00, '2013-11-13 08:19:39', '2013-11-20', 0),
(173, 30, 87, 173, 79000.00, 3950.00, 75050.00, '2013-11-13 08:21:11', '2013-11-20', 0),
(174, 25, 88, 174, 63000.00, 630.00, 62370.00, '2013-11-13 08:21:38', '2013-11-20', 0),
(175, 24, 89, 175, 63000.00, 0.00, 63000.00, '2013-11-13 08:26:08', '2013-11-20', 0),
(176, 24, 89, 176, 4000.00, 0.00, 4000.00, '2013-11-13 08:26:19', '2013-11-20', 0),
(177, 27, 90, 177, 60000.00, 0.00, 60000.00, '2013-11-13 08:26:50', '2013-11-20', 0),
(178, 27, 90, 178, 63000.00, 0.00, 63000.00, '2013-11-13 08:27:27', '2013-11-20', 0),
(179, 27, 90, 179, 75000.00, 3750.00, 71250.00, '2013-11-13 08:27:48', '2013-11-20', 0),
(180, 29, 91, 180, 6800.00, 0.00, 6800.00, '2013-11-13 12:37:52', '2013-11-20', 0),
(181, 31, 92, 181, 600.00, 0.00, 600.00, '2013-11-17 13:41:45', '2013-11-24', 1),
(182, 24, 93, 182, 5100.00, 0.00, 5100.00, '2013-11-18 17:24:23', '2013-11-25', 0),
(183, 27, 94, 183, 146000.00, 14600.00, 131400.00, '2013-11-19 13:47:59', '2013-11-26', 0),
(184, 24, 96, 184, 63000.00, 0.00, 63000.00, '2013-11-20 15:44:06', '2013-11-27', 0),
(185, 32, 97, 185, 1100.00, 0.00, 1100.00, '2013-11-20 16:01:15', '2013-11-27', 0),
(186, 33, 98, 186, 127100.00, 12710.00, 114390.00, '2013-11-20 16:36:22', '2013-11-27', 1),
(187, 24, 99, 187, 186500.00, 27975.00, 158525.00, '2013-11-20 18:15:41', '2013-11-27', 0),
(188, 35, 100, 188, 60000.00, 0.00, 60000.00, '2013-11-21 07:07:01', '2013-11-28', 0),
(189, 35, 100, 189, 60000.00, 0.00, 60000.00, '2013-11-21 07:08:31', '2013-11-28', 0),
(190, 36, 101, 190, 189600.00, 28440.00, 161160.00, '2013-11-23 16:12:10', '2013-11-30', 0),
(191, 37, 102, 191, 189000.00, 0.00, 0.00, '2013-11-24 08:53:01', '2013-12-01', 1),
(192, 37, 102, 192, 189000.00, 28350.00, 160650.00, '2013-11-24 08:55:51', '2013-12-01', 0),
(193, 27, 103, 193, 63300.00, 0.00, 63300.00, '2013-11-24 08:57:27', '2013-12-01', 0),
(194, 24, 104, 194, 240400.00, 48080.00, 192320.00, '2013-11-29 05:01:08', '2013-12-06', 0),
(195, 24, 106, 195, 300.00, 0.00, 300.00, '2013-12-18 05:34:52', '2013-12-25', 0);

-- --------------------------------------------------------

--
-- Table structure for table `tbl_order_details`
--

CREATE TABLE IF NOT EXISTS `tbl_order_details` (
  `order_details_id` int(9) NOT NULL AUTO_INCREMENT,
  `order_id` int(6) NOT NULL,
  `product_id` int(5) NOT NULL,
  `product_name` varchar(50) NOT NULL,
  `product_price` float(10,2) NOT NULL,
  `product_sales_quantity` int(3) NOT NULL,
  PRIMARY KEY (`order_details_id`)
) ENGINE=MyISAM  DEFAULT CHARSET=utf8 AUTO_INCREMENT=377 ;

--
-- Dumping data for table `tbl_order_details`
--

INSERT INTO `tbl_order_details` (`order_details_id`, `order_id`, `product_id`, `product_name`, `product_price`, `product_sales_quantity`) VALUES
(6, 3, 19, 'Nail Cutter', 100.00, 5),
(5, 3, 17, 'Measurement  Tools', 300.00, 20),
(7, 4, 15, 'Table Fan', 4000.00, 4),
(8, 5, 20, 'Galaxy S4', 63000.00, 5),
(9, 5, 21, 'Sony Xperia Z Ultra', 60000.00, 3),
(10, 5, 19, 'Nail Cutter', 100.00, 2),
(11, 5, 17, 'Measurement  Tools', 300.00, 4),
(12, 6, 18, 'Keds', 2000.00, 2),
(13, 6, 21, 'Sony Xperia Z Ultra', 60000.00, 1),
(14, 7, 17, 'Measurement  Tools', 300.00, 3),
(15, 7, 16, 'Machine Tools', 400.00, 2),
(16, 8, 16, 'Machine Tools', 400.00, 1),
(17, 9, 16, 'Machine Tools', 400.00, 1),
(18, 10, 16, 'Machine Tools', 400.00, 1),
(19, 11, 16, 'Machine Tools', 400.00, 1),
(20, 12, 16, 'Machine Tools', 400.00, 1),
(21, 12, 22, 'Paper Weight', 300.00, 1),
(22, 13, 16, 'Machine Tools', 400.00, 1),
(23, 13, 22, 'Paper Weight', 300.00, 1),
(24, 14, 16, 'Machine Tools', 400.00, 1),
(25, 14, 15, 'Table Fan', 4000.00, 1),
(26, 15, 19, 'Nail Cutter', 100.00, 1),
(27, 16, 19, 'Nail Cutter', 100.00, 1),
(28, 17, 14, 'Energy Bulb', 300.00, 1),
(29, 17, 15, 'Table Fan', 4000.00, 3),
(30, 17, 16, 'Machine Tools', 400.00, 2),
(31, 17, 17, 'Measurement  Tools', 300.00, 1),
(32, 17, 18, 'Keds', 2000.00, 5),
(33, 17, 22, 'Paper Weight', 300.00, 1),
(34, 18, 14, 'Energy Bulb', 300.00, 1),
(35, 18, 15, 'Table Fan', 4000.00, 3),
(36, 18, 16, 'Machine Tools', 400.00, 2),
(37, 18, 17, 'Measurement  Tools', 300.00, 1),
(38, 18, 18, 'Keds', 2000.00, 5),
(39, 18, 22, 'Paper Weight', 300.00, 1),
(40, 19, 15, 'Table Fan', 4000.00, 1),
(41, 19, 22, 'Paper Weight', 300.00, 1),
(42, 19, 18, 'Keds', 2000.00, 1),
(43, 19, 19, 'Nail Cutter', 100.00, 1),
(44, 20, 15, 'Table Fan', 4000.00, 1),
(45, 20, 22, 'Paper Weight', 300.00, 1),
(46, 20, 18, 'Keds', 2000.00, 1),
(47, 20, 19, 'Nail Cutter', 100.00, 1),
(48, 21, 15, 'Table Fan', 4000.00, 1),
(49, 21, 22, 'Paper Weight', 300.00, 1),
(50, 21, 18, 'Keds', 2000.00, 1),
(51, 21, 19, 'Nail Cutter', 100.00, 1),
(52, 22, 15, 'Table Fan', 4000.00, 1),
(53, 22, 22, 'Paper Weight', 300.00, 1),
(54, 22, 18, 'Keds', 2000.00, 1),
(55, 22, 19, 'Nail Cutter', 100.00, 1),
(56, 23, 15, 'Table Fan', 4000.00, 1),
(57, 23, 22, 'Paper Weight', 300.00, 1),
(58, 23, 18, 'Keds', 2000.00, 1),
(59, 23, 19, 'Nail Cutter', 100.00, 1),
(60, 24, 15, 'Table Fan', 4000.00, 1),
(61, 24, 22, 'Paper Weight', 300.00, 1),
(62, 24, 18, 'Keds', 2000.00, 1),
(63, 24, 19, 'Nail Cutter', 100.00, 1),
(64, 25, 15, 'Table Fan', 4000.00, 1),
(65, 25, 22, 'Paper Weight', 300.00, 1),
(66, 25, 18, 'Keds', 2000.00, 1),
(67, 25, 19, 'Nail Cutter', 100.00, 1),
(68, 26, 15, 'Table Fan', 4000.00, 1),
(69, 26, 22, 'Paper Weight', 300.00, 1),
(70, 26, 18, 'Keds', 2000.00, 1),
(71, 26, 19, 'Nail Cutter', 100.00, 1),
(72, 27, 15, 'Table Fan', 4000.00, 1),
(73, 27, 22, 'Paper Weight', 300.00, 1),
(74, 27, 18, 'Keds', 2000.00, 1),
(75, 27, 19, 'Nail Cutter', 100.00, 1),
(76, 28, 15, 'Table Fan', 4000.00, 1),
(77, 28, 22, 'Paper Weight', 300.00, 1),
(78, 28, 18, 'Keds', 2000.00, 1),
(79, 28, 19, 'Nail Cutter', 100.00, 1),
(80, 29, 15, 'Table Fan', 4000.00, 1),
(81, 29, 22, 'Paper Weight', 300.00, 1),
(82, 29, 18, 'Keds', 2000.00, 1),
(83, 29, 19, 'Nail Cutter', 100.00, 1),
(84, 30, 15, 'Table Fan', 4000.00, 1),
(85, 30, 22, 'Paper Weight', 300.00, 1),
(86, 30, 18, 'Keds', 2000.00, 1),
(87, 30, 19, 'Nail Cutter', 100.00, 1),
(88, 31, 15, 'Table Fan', 4000.00, 1),
(89, 31, 22, 'Paper Weight', 300.00, 1),
(90, 31, 18, 'Keds', 2000.00, 1),
(91, 31, 19, 'Nail Cutter', 100.00, 1),
(92, 32, 15, 'Table Fan', 4000.00, 1),
(93, 32, 22, 'Paper Weight', 300.00, 1),
(94, 32, 18, 'Keds', 2000.00, 1),
(95, 32, 19, 'Nail Cutter', 100.00, 1),
(96, 33, 15, 'Table Fan', 4000.00, 1),
(97, 33, 22, 'Paper Weight', 300.00, 1),
(98, 33, 18, 'Keds', 2000.00, 1),
(99, 33, 19, 'Nail Cutter', 100.00, 1),
(100, 34, 15, 'Table Fan', 4000.00, 1),
(101, 34, 22, 'Paper Weight', 300.00, 1),
(102, 34, 18, 'Keds', 2000.00, 1),
(103, 34, 19, 'Nail Cutter', 100.00, 1),
(104, 35, 15, 'Table Fan', 4000.00, 1),
(105, 35, 22, 'Paper Weight', 300.00, 1),
(106, 35, 18, 'Keds', 2000.00, 1),
(107, 35, 19, 'Nail Cutter', 100.00, 1),
(108, 36, 15, 'Table Fan', 4000.00, 1),
(109, 36, 22, 'Paper Weight', 300.00, 1),
(110, 36, 18, 'Keds', 2000.00, 1),
(111, 36, 19, 'Nail Cutter', 100.00, 1),
(112, 37, 15, 'Table Fan', 4000.00, 1),
(113, 37, 22, 'Paper Weight', 300.00, 1),
(114, 37, 18, 'Keds', 2000.00, 1),
(115, 37, 19, 'Nail Cutter', 100.00, 1),
(116, 38, 15, 'Table Fan', 4000.00, 1),
(117, 38, 22, 'Paper Weight', 300.00, 1),
(118, 38, 18, 'Keds', 2000.00, 1),
(119, 38, 19, 'Nail Cutter', 100.00, 1),
(120, 39, 15, 'Table Fan', 4000.00, 1),
(121, 39, 22, 'Paper Weight', 300.00, 1),
(122, 39, 18, 'Keds', 2000.00, 1),
(123, 39, 19, 'Nail Cutter', 100.00, 1),
(124, 40, 15, 'Table Fan', 4000.00, 1),
(125, 40, 22, 'Paper Weight', 300.00, 1),
(126, 40, 18, 'Keds', 2000.00, 1),
(127, 40, 19, 'Nail Cutter', 100.00, 1),
(128, 41, 15, 'Table Fan', 4000.00, 1),
(129, 41, 22, 'Paper Weight', 300.00, 1),
(130, 41, 18, 'Keds', 2000.00, 1),
(131, 41, 19, 'Nail Cutter', 100.00, 1),
(132, 42, 15, 'Table Fan', 4000.00, 1),
(133, 42, 22, 'Paper Weight', 300.00, 1),
(134, 42, 18, 'Keds', 2000.00, 1),
(135, 42, 19, 'Nail Cutter', 100.00, 1),
(136, 43, 15, 'Table Fan', 4000.00, 1),
(137, 43, 22, 'Paper Weight', 300.00, 1),
(138, 43, 18, 'Keds', 2000.00, 1),
(139, 43, 19, 'Nail Cutter', 100.00, 1),
(140, 44, 15, 'Table Fan', 4000.00, 1),
(141, 44, 22, 'Paper Weight', 300.00, 1),
(142, 44, 18, 'Keds', 2000.00, 1),
(143, 44, 19, 'Nail Cutter', 100.00, 1),
(144, 45, 15, 'Table Fan', 4000.00, 1),
(145, 45, 22, 'Paper Weight', 300.00, 1),
(146, 45, 18, 'Keds', 2000.00, 1),
(147, 45, 19, 'Nail Cutter', 100.00, 1),
(148, 46, 15, 'Table Fan', 4000.00, 1),
(149, 46, 22, 'Paper Weight', 300.00, 1),
(150, 46, 18, 'Keds', 2000.00, 1),
(151, 46, 19, 'Nail Cutter', 100.00, 1),
(152, 47, 17, 'Measurement  Tools', 300.00, 1),
(153, 48, 17, 'Measurement  Tools', 300.00, 1),
(154, 49, 15, 'Table Fan', 4000.00, 1),
(155, 49, 21, 'Sony Xperia Z Ultra', 60000.00, 1),
(156, 50, 15, 'Table Fan', 4000.00, 1),
(157, 50, 22, 'Paper Weight', 300.00, 1),
(158, 50, 21, 'Sony Xperia Z Ultra', 60000.00, 1),
(159, 50, 17, 'Measurement  Tools', 300.00, 1),
(160, 51, 19, 'Nail Cutter', 100.00, 1),
(161, 52, 18, 'Keds', 2000.00, 5),
(162, 52, 15, 'Table Fan', 4000.00, 10),
(163, 53, 15, 'Table Fan', 4000.00, 2),
(164, 53, 22, 'Paper Weight', 300.00, 5),
(165, 55, 14, 'Energy Bulb', 300.00, 4),
(166, 55, 16, 'Machine Tools', 400.00, 3),
(167, 60, 14, 'Energy Bulb', 300.00, 3),
(168, 61, 21, 'Sony Xperia Z Ultra', 60000.00, 3),
(169, 62, 20, 'Galaxy S4', 63000.00, 2),
(170, 63, 20, 'Galaxy S4', 63000.00, 1),
(171, 64, 21, 'Sony Xperia Z Ultra', 60000.00, 1),
(172, 65, 21, 'Sony Xperia Z Ultra', 60000.00, 1),
(173, 66, 21, 'Sony Xperia Z Ultra', 60000.00, 1),
(174, 66, 20, 'Galaxy S4', 63000.00, 1),
(175, 67, 20, 'Galaxy S4', 63000.00, 1),
(176, 67, 15, 'Table Fan', 4000.00, 4),
(177, 68, 18, 'Keds', 2000.00, 1),
(178, 69, 18, 'Keds', 2000.00, 1),
(179, 70, 21, 'Sony Xperia Z Ultra', 60000.00, 2),
(180, 71, 21, 'Sony Xperia Z Ultra', 60000.00, 2),
(181, 72, 21, 'Sony Xperia Z Ultra', 60000.00, 2),
(182, 73, 21, 'Sony Xperia Z Ultra', 60000.00, 2),
(183, 74, 15, 'Table Fan', 4000.00, 2),
(184, 74, 20, 'Galaxy S4', 63000.00, 3),
(185, 75, 15, 'Table Fan', 4000.00, 2),
(186, 75, 20, 'Galaxy S4', 63000.00, 3),
(187, 76, 15, 'Table Fan', 4000.00, 2),
(188, 76, 20, 'Galaxy S4', 63000.00, 3),
(189, 77, 15, 'Table Fan', 4000.00, 2),
(190, 77, 20, 'Galaxy S4', 63000.00, 3),
(191, 78, 15, 'Table Fan', 4000.00, 2),
(192, 78, 20, 'Galaxy S4', 63000.00, 3),
(193, 79, 22, 'Paper Weight', 300.00, 1),
(194, 80, 22, 'Paper Weight', 300.00, 1),
(195, 81, 22, 'Paper Weight', 300.00, 1),
(196, 82, 22, 'Paper Weight', 300.00, 1),
(197, 83, 22, 'Paper Weight', 300.00, 1),
(198, 84, 22, 'Paper Weight', 300.00, 1),
(199, 85, 22, 'Paper Weight', 300.00, 1),
(200, 86, 22, 'Paper Weight', 300.00, 1),
(201, 87, 22, 'Paper Weight', 300.00, 1),
(202, 88, 22, 'Paper Weight', 300.00, 1),
(203, 89, 22, 'Paper Weight', 300.00, 1),
(204, 90, 22, 'Paper Weight', 300.00, 1),
(205, 91, 21, 'Sony Xperia Z Ultra', 60000.00, 3),
(206, 92, 21, 'Sony Xperia Z Ultra', 60000.00, 3),
(207, 93, 21, 'Sony Xperia Z Ultra', 60000.00, 3),
(208, 94, 21, 'Sony Xperia Z Ultra', 60000.00, 3),
(209, 95, 21, 'Sony Xperia Z Ultra', 60000.00, 3),
(210, 96, 21, 'Sony Xperia Z Ultra', 60000.00, 3),
(211, 97, 14, 'Energy Bulb', 300.00, 1),
(212, 97, 16, 'Machine Tools', 400.00, 6),
(213, 97, 17, 'Measurement  Tools', 300.00, 1),
(214, 97, 21, 'Sony Xperia Z Ultra', 60000.00, 1),
(215, 97, 15, 'Table Fan', 4000.00, 5),
(216, 98, 14, 'Energy Bulb', 300.00, 1),
(217, 98, 16, 'Machine Tools', 400.00, 6),
(218, 98, 17, 'Measurement  Tools', 300.00, 1),
(219, 98, 21, 'Sony Xperia Z Ultra', 60000.00, 1),
(220, 98, 15, 'Table Fan', 4000.00, 5),
(221, 99, 14, 'Energy Bulb', 300.00, 1),
(222, 99, 16, 'Machine Tools', 400.00, 6),
(223, 99, 17, 'Measurement  Tools', 300.00, 1),
(224, 99, 21, 'Sony Xperia Z Ultra', 60000.00, 1),
(225, 99, 15, 'Table Fan', 4000.00, 5),
(226, 100, 14, 'Energy Bulb', 300.00, 1),
(227, 100, 16, 'Machine Tools', 400.00, 6),
(228, 100, 17, 'Measurement  Tools', 300.00, 1),
(229, 100, 21, 'Sony Xperia Z Ultra', 60000.00, 1),
(230, 100, 15, 'Table Fan', 4000.00, 5),
(231, 101, 21, 'Sony Xperia Z Ultra', 60000.00, 3),
(232, 102, 22, 'Paper Weight', 300.00, 3),
(233, 102, 17, 'Measurement  Tools', 300.00, 2),
(234, 102, 19, 'Nail Cutter', 100.00, 5),
(235, 102, 16, 'Machine Tools', 400.00, 12),
(236, 103, 22, 'Paper Weight', 300.00, 3),
(237, 103, 17, 'Measurement  Tools', 300.00, 2),
(238, 103, 19, 'Nail Cutter', 100.00, 5),
(239, 103, 16, 'Machine Tools', 400.00, 12),
(240, 103, 20, 'Galaxy S4', 63000.00, 4),
(241, 104, 22, 'Paper Weight', 300.00, 3),
(242, 104, 21, 'Sony Xperia Z Ultra', 60000.00, 3),
(243, 105, 14, 'Energy Bulb', 300.00, 7),
(244, 105, 15, 'Table Fan', 4000.00, 5),
(245, 106, 14, 'Energy Bulb', 300.00, 7),
(246, 106, 15, 'Table Fan', 4000.00, 5),
(247, 107, 17, 'Measurement  Tools', 300.00, 2),
(248, 108, 17, 'Measurement  Tools', 300.00, 2),
(249, 109, 17, 'Measurement  Tools', 300.00, 2),
(250, 110, 14, 'Energy Bulb', 300.00, 10),
(251, 111, 14, 'Energy Bulb', 300.00, 4),
(252, 112, 14, 'Energy Bulb', 300.00, 2),
(253, 113, 14, 'Energy Bulb', 300.00, 2),
(254, 114, 14, 'Energy Bulb', 300.00, 2),
(255, 115, 14, 'Energy Bulb', 300.00, 2),
(256, 116, 20, 'Galaxy S4', 63000.00, 3),
(257, 117, 14, 'Energy Bulb', 300.00, 1),
(258, 119, 14, 'Energy Bulb', 300.00, 1),
(259, 120, 14, 'Energy Bulb', 300.00, 2),
(260, 120, 20, 'Galaxy S4', 63000.00, 3),
(261, 120, 19, 'Nail Cutter', 100.00, 4),
(262, 120, 16, 'Machine Tools', 400.00, 5),
(263, 121, 14, 'Energy Bulb', 300.00, 2),
(264, 122, 14, 'Energy Bulb', 300.00, 2),
(265, 123, 14, 'Energy Bulb', 300.00, 2),
(266, 124, 14, 'Energy Bulb', 300.00, 2),
(267, 125, 14, 'Energy Bulb', 300.00, 2),
(268, 126, 14, 'Energy Bulb', 300.00, 2),
(269, 127, 14, 'Energy Bulb', 300.00, 2),
(270, 127, 15, 'Table Fan', 4000.00, 3),
(271, 128, 14, 'Energy Bulb', 300.00, 2),
(272, 128, 15, 'Table Fan', 4000.00, 3),
(273, 129, 14, 'Energy Bulb', 300.00, 2),
(274, 130, 14, 'Energy Bulb', 300.00, 2),
(275, 131, 14, 'Energy Bulb', 300.00, 3),
(276, 132, 17, 'Measurement  Tools', 300.00, 2),
(277, 132, 15, 'Table Fan', 4000.00, 3),
(278, 133, 20, 'Galaxy S4', 63000.00, 3),
(279, 133, 21, 'Sony Xperia Z Ultra', 60000.00, 3),
(280, 134, 20, 'Galaxy S4', 63000.00, 3),
(281, 135, 20, 'Galaxy S4', 63000.00, 3),
(282, 136, 20, 'Galaxy S4', 63000.00, 3),
(283, 137, 20, 'Galaxy S4', 63000.00, 3),
(284, 137, 21, 'Sony Xperia Z Ultra', 60000.00, 3),
(285, 138, 20, 'Galaxy S4', 63000.00, 3),
(286, 138, 21, 'Sony Xperia Z Ultra', 60000.00, 3),
(287, 139, 22, 'Paper Weight', 300.00, 5),
(288, 140, 22, 'Paper Weight', 300.00, 2),
(289, 140, 21, 'Sony Xperia Z Ultra', 60000.00, 2),
(290, 141, 14, 'Energy Bulb', 300.00, 2),
(291, 141, 15, 'Table Fan', 4000.00, 2),
(292, 141, 16, 'Machine Tools', 400.00, 2),
(293, 141, 17, 'Measurement  Tools', 300.00, 2),
(294, 141, 18, 'Keds', 2000.00, 2),
(295, 141, 19, 'Nail Cutter', 100.00, 2),
(296, 141, 20, 'Galaxy S4', 63000.00, 2),
(297, 141, 21, 'Sony Xperia Z Ultra', 60000.00, 2),
(298, 141, 22, 'Paper Weight', 300.00, 2),
(299, 142, 20, 'Galaxy S4', 63000.00, 4),
(300, 143, 20, 'Galaxy S4', 63000.00, 4),
(301, 144, 21, 'Sony Xperia Z Ultra', 60000.00, 4),
(302, 145, 21, 'Sony Xperia Z Ultra', 60000.00, 1),
(303, 145, 20, 'Galaxy S4', 63000.00, 5),
(304, 146, 20, 'Galaxy S4', 63000.00, 2),
(305, 146, 15, 'Table Fan', 4000.00, 2),
(306, 147, 20, 'Galaxy S4', 63000.00, 5),
(307, 148, 14, 'Energy Bulb', 300.00, 1),
(308, 149, 20, 'Galaxy S4', 63000.00, 1),
(309, 150, 19, 'Nail Cutter', 100.00, 1),
(310, 151, 20, 'Galaxy S4', 63000.00, 1),
(311, 152, 20, 'Galaxy S4', 63000.00, 2),
(312, 153, 14, 'Energy Bulb', 300.00, 1),
(313, 154, 14, 'Energy Bulb', 300.00, 1),
(314, 155, 17, 'Measurement  Tools', 300.00, 4),
(315, 155, 21, 'Sony Xperia Z Ultra', 60000.00, 5),
(316, 156, 21, 'Sony Xperia Z Ultra', 60000.00, 1),
(317, 157, 21, 'Sony Xperia Z Ultra', 60000.00, 1),
(318, 158, 20, 'Galaxy S4', 63000.00, 1),
(319, 159, 14, 'Energy Bulb', 300.00, 1),
(320, 160, 20, 'Galaxy S4', 63000.00, 1),
(321, 160, 21, 'Sony Xperia Z Ultra', 60000.00, 1),
(322, 161, 21, 'Sony Xperia Z Ultra', 60000.00, 1),
(323, 162, 20, 'Galaxy S4', 63000.00, 1),
(324, 163, 20, 'Galaxy S4', 63000.00, 2),
(325, 164, 20, 'Galaxy S4', 63000.00, 1),
(326, 164, 15, 'Table Fan', 4000.00, 5),
(327, 165, 14, 'Energy Bulb', 300.00, 1),
(328, 166, 21, 'Sony Xperia Z Ultra', 60000.00, 3),
(329, 167, 20, 'Galaxy S4', 63000.00, 5),
(330, 168, 21, 'Sony Xperia Z Ultra', 60000.00, 1),
(331, 169, 20, 'Galaxy S4', 63000.00, 10),
(332, 170, 20, 'Galaxy S4', 63000.00, 3),
(333, 171, 20, 'Galaxy S4', 63000.00, 2),
(334, 172, 20, 'Galaxy S4', 63000.00, 1),
(335, 173, 20, 'Galaxy S4', 63000.00, 1),
(336, 173, 15, 'Table Fan', 4000.00, 4),
(337, 174, 20, 'Galaxy S4', 63000.00, 1),
(338, 175, 20, 'Galaxy S4', 63000.00, 1),
(339, 176, 15, 'Table Fan', 4000.00, 1),
(340, 177, 21, 'Sony Xperia Z Ultra', 60000.00, 1),
(341, 178, 20, 'Galaxy S4', 63000.00, 1),
(342, 179, 20, 'Galaxy S4', 63000.00, 1),
(343, 179, 15, 'Table Fan', 4000.00, 3),
(344, 180, 18, 'Keds', 2000.00, 3),
(345, 180, 22, 'Paper Weight', 300.00, 2),
(346, 180, 19, 'Nail Cutter', 100.00, 2),
(347, 181, 14, 'Energy Bulb', 300.00, 2),
(348, 182, 16, 'Machine Tools', 400.00, 1),
(349, 182, 22, 'Paper Weight', 300.00, 1),
(350, 182, 19, 'Nail Cutter', 100.00, 1),
(351, 182, 15, 'Table Fan', 4000.00, 1),
(352, 182, 17, 'Measurement  Tools', 300.00, 1),
(353, 183, 15, 'Table Fan', 4000.00, 5),
(354, 183, 20, 'Galaxy S4', 63000.00, 2),
(355, 184, 20, 'Galaxy S4', 63000.00, 1),
(356, 185, 14, 'Energy Bulb', 300.00, 3),
(357, 185, 19, 'Nail Cutter', 100.00, 2),
(358, 186, 20, 'Galaxy S4', 63000.00, 1),
(359, 186, 21, 'Sony Xperia Z Ultra', 60000.00, 1),
(360, 186, 19, 'Nail Cutter', 100.00, 1),
(361, 186, 15, 'Table Fan', 4000.00, 1),
(362, 187, 14, 'Energy Bulb', 300.00, 1),
(363, 187, 19, 'Nail Cutter', 100.00, 2),
(364, 187, 20, 'Galaxy S4', 63000.00, 2),
(365, 187, 21, 'Sony Xperia Z Ultra', 60000.00, 1),
(366, 188, 21, 'Sony Xperia Z Ultra', 60000.00, 1),
(367, 189, 21, 'Sony Xperia Z Ultra', 60000.00, 1),
(368, 190, 14, 'Energy Bulb', 300.00, 2),
(369, 190, 20, 'Galaxy S4', 63000.00, 3),
(370, 191, 20, 'Galaxy S4', 63000.00, 3),
(371, 192, 20, 'Galaxy S4', 63000.00, 3),
(372, 193, 14, 'Energy Bulb', 300.00, 1),
(373, 193, 20, 'Galaxy S4', 63000.00, 1),
(374, 194, 16, 'Machine Tools', 400.00, 1),
(375, 194, 21, 'Sony Xperia Z Ultra', 60000.00, 4),
(376, 195, 14, 'Energy Bulb', 300.00, 1);

-- --------------------------------------------------------

--
-- Table structure for table `tbl_payment`
--

CREATE TABLE IF NOT EXISTS `tbl_payment` (
  `payment_id` int(6) NOT NULL AUTO_INCREMENT,
  `payment_status` varchar(15) NOT NULL,
  `payment_type` varchar(11) NOT NULL,
  PRIMARY KEY (`payment_id`)
) ENGINE=MyISAM  DEFAULT CHARSET=utf8 AUTO_INCREMENT=196 ;

--
-- Dumping data for table `tbl_payment`
--

INSERT INTO `tbl_payment` (`payment_id`, `payment_status`, `payment_type`) VALUES
(4, 'Pending', ''),
(3, 'Pending', ''),
(5, 'Pending', ''),
(6, 'Pending', ''),
(7, 'Pending', ''),
(8, 'Pending', ''),
(9, 'Pending', ''),
(10, 'Pending', ''),
(11, 'Pending', ''),
(12, 'Pending', ''),
(13, 'Pending', ''),
(14, 'Pending', ''),
(15, 'Pending', 'cash on del'),
(16, 'Pending', 'Paypal'),
(17, 'Pending', 'cash on del'),
(18, 'Pending', 'Paypal'),
(19, 'Pending', 'cash on del'),
(20, 'Pending', 'cash on del'),
(21, 'Pending', 'cash on del'),
(22, 'Pending', 'Paypal'),
(23, 'Pending', 'cash on del'),
(24, 'Pending', 'Paypal'),
(25, 'Pending', 'cash on del'),
(26, 'Pending', 'cash on del'),
(27, 'Pending', 'cash on del'),
(28, 'Pending', 'cash on del'),
(29, 'Pending', 'Paypal'),
(30, 'Pending', 'cash on del'),
(31, 'Pending', 'cash on del'),
(32, 'Pending', 'cash on del'),
(33, 'Pending', 'cash on del'),
(34, 'Pending', 'cash on del'),
(35, 'Pending', 'cash on del'),
(36, 'Pending', 'cash on del'),
(37, 'Pending', 'cash on del'),
(38, 'Pending', 'cash on del'),
(39, 'Pending', 'cash on del'),
(40, 'Pending', 'cash on del'),
(41, 'Pending', 'cash on del'),
(42, 'Pending', 'cash on del'),
(43, 'Pending', 'cash on del'),
(44, 'Pending', 'cash on del'),
(45, 'Pending', 'cash on del'),
(46, 'Pending', 'cash on del'),
(47, 'Pending', 'cash on del'),
(48, 'Pending', 'Paypal'),
(49, 'Pending', 'cash on del'),
(50, 'Pending', 'cash on del'),
(51, 'Pending', 'cash on del'),
(52, 'Pending', 'cash on del'),
(53, 'Pending', 'cash on del'),
(54, 'Pending', 'cash on del'),
(55, 'Pending', 'cash on del'),
(56, 'Pending', 'cash on del'),
(57, 'Pending', 'cash on del'),
(58, 'Pending', 'cash on del'),
(59, 'Pending', 'cash on del'),
(60, 'Pending', 'cash on del'),
(61, 'Pending', 'cash on del'),
(62, 'Pending', 'cash on del'),
(63, 'Pending', 'cash on del'),
(64, 'Pending', 'cash on del'),
(65, 'Pending', 'cash on del'),
(66, 'Pending', 'cash on del'),
(67, 'Pending', 'cash on del'),
(68, 'Pending', 'cash on del'),
(69, 'Pending', 'cash on del'),
(70, 'Pending', 'cash on del'),
(71, 'Pending', 'cash on del'),
(72, 'Pending', 'cash on del'),
(73, 'Pending', 'cash on del'),
(74, 'Pending', 'cash on del'),
(75, 'Pending', 'cash on del'),
(76, 'Pending', 'cash on del'),
(77, 'Pending', 'cash on del'),
(78, 'Pending', 'cash on del'),
(79, 'Pending', 'cash on del'),
(80, 'Pending', 'cash on del'),
(81, 'Pending', 'cash on del'),
(82, 'Pending', 'cash on del'),
(83, 'Pending', 'cash on del'),
(84, 'Pending', 'cash on del'),
(85, 'Pending', 'cash on del'),
(86, 'Pending', 'cash on del'),
(87, 'Pending', 'cash on del'),
(88, 'Pending', 'cash on del'),
(89, 'Pending', 'cash on del'),
(90, 'Pending', 'cash on del'),
(91, 'Pending', 'cash on del'),
(92, 'Pending', 'cash on del'),
(93, 'Pending', 'cash on del'),
(94, 'Pending', 'cash on del'),
(95, 'Pending', 'cash on del'),
(96, 'Pending', 'cash on del'),
(97, 'Pending', 'cash on del'),
(98, 'Pending', 'cash on del'),
(99, 'Pending', 'cash on del'),
(100, 'Pending', 'cash on del'),
(101, 'Pending', 'cash on del'),
(102, 'Pending', 'cash on del'),
(103, 'Pending', 'cash on del'),
(104, 'Pending', 'cash on del'),
(105, 'Pending', 'cash on del'),
(106, 'Pending', 'cash on del'),
(107, 'Pending', 'cash on del'),
(108, 'Pending', 'cash on del'),
(109, 'Pending', 'cash on del'),
(110, 'Pending', 'cash on del'),
(111, 'Pending', 'cash on del'),
(112, 'Pending', 'cash on del'),
(113, 'Pending', 'cash on del'),
(114, 'Pending', 'cash on del'),
(115, 'Pending', 'cash on del'),
(116, 'Pending', 'cash on del'),
(117, 'Pending', 'cash on del'),
(118, 'Pending', 'cash on del'),
(119, 'Pending', 'cash on del'),
(120, 'Pending', 'cash on del'),
(121, 'Pending', 'cash on del'),
(122, 'Pending', 'cash on del'),
(123, 'Pending', 'cash on del'),
(124, 'Pending', 'cash on del'),
(125, 'Pending', 'cash on del'),
(126, 'Pending', 'cash on del'),
(127, 'Pending', 'cash on del'),
(128, 'Pending', 'cash on del'),
(129, 'Pending', 'cash on del'),
(130, 'Pending', 'cash on del'),
(131, 'Pending', 'cash on del'),
(132, 'Pending', 'cash on del'),
(133, 'Pending', 'cash on del'),
(134, 'Pending', 'cash on del'),
(135, 'Pending', 'cash on del'),
(136, 'Pending', 'cash on del'),
(137, 'Pending', 'cash on del'),
(138, 'Pending', 'cash on del'),
(139, 'Pending', 'cash on del'),
(140, 'Pending', 'cash on del'),
(141, 'Pending', 'cash on del'),
(142, 'Pending', 'cash on del'),
(143, 'Pending', 'cash on del'),
(144, 'Pending', 'cash on del'),
(145, 'Pending', 'cash on del'),
(146, 'Pending', 'cash on del'),
(147, 'Pending', 'cash on del'),
(148, 'Pending', 'cash on del'),
(149, 'Pending', 'cash on del'),
(150, 'Pending', 'cash on del'),
(151, 'Pending', 'cash on del'),
(152, 'Pending', 'cash on del'),
(153, 'Pending', 'cash on del'),
(154, 'Pending', 'cash on del'),
(155, 'Pending', 'cash on del'),
(156, 'Pending', 'cash on del'),
(157, 'Pending', 'cash on del'),
(158, 'Pending', 'cash on del'),
(159, 'Pending', 'cash on del'),
(160, 'Pending', 'cash on del'),
(161, 'Pending', 'cash on del'),
(162, 'Pending', 'cash on del'),
(163, 'Pending', 'cash on del'),
(164, 'Pending', 'cash on del'),
(165, 'Pending', 'cash on del'),
(166, 'Pending', 'cash on del'),
(167, 'Pending', 'cash on del'),
(168, 'Pending', 'cash on del'),
(169, 'Pending', 'cash on del'),
(170, 'Pending', 'cash on del'),
(171, 'Pending', 'cash on del'),
(172, 'Pending', 'cash on del'),
(173, 'Pending', 'cash on del'),
(174, 'Pending', 'cash on del'),
(175, 'Pending', 'cash on del'),
(176, 'Pending', 'cash on del'),
(177, 'Pending', 'cash on del'),
(178, 'Pending', 'cash on del'),
(179, 'Pending', 'cash on del'),
(180, 'Pending', 'cash on del'),
(181, 'Pending', 'cash on del'),
(182, 'Pending', 'cash on del'),
(183, 'Pending', 'cash on del'),
(184, 'Pending', 'cash on del'),
(185, 'Pending', 'cash on del'),
(186, 'Pending', 'cash on del'),
(187, 'Pending', 'cash on del'),
(188, 'Pending', 'cash on del'),
(189, 'Pending', 'cash on del'),
(190, 'Pending', 'cash on del'),
(191, 'Pending', 'Paypal'),
(192, 'Pending', 'Paypal'),
(193, 'Pending', 'Paypal'),
(194, 'Pending', 'cash on del'),
(195, 'Pending', 'Paypal');

-- --------------------------------------------------------

--
-- Table structure for table `tbl_product`
--

CREATE TABLE IF NOT EXISTS `tbl_product` (
  `product_id` int(5) NOT NULL AUTO_INCREMENT,
  `category_id` int(2) NOT NULL,
  `product_name` varchar(100) NOT NULL,
  `product_price` float(10,2) NOT NULL,
  `product_quantity` int(3) NOT NULL,
  `product_total_sales_quantity` int(3) NOT NULL,
  `product_sku` varchar(20) NOT NULL,
  `product_short_description` text NOT NULL,
  `product_long_description` text NOT NULL,
  `product_image` varchar(100) NOT NULL,
  `product_status` tinyint(1) NOT NULL,
  `product_view_status` int(5) NOT NULL,
  `discount_status` tinyint(1) NOT NULL,
  `created_date_time` timestamp NOT NULL DEFAULT CURRENT_TIMESTAMP,
  PRIMARY KEY (`product_id`)
) ENGINE=MyISAM  DEFAULT CHARSET=utf8 AUTO_INCREMENT=25 ;

--
-- Dumping data for table `tbl_product`
--

INSERT INTO `tbl_product` (`product_id`, `category_id`, `product_name`, `product_price`, `product_quantity`, `product_total_sales_quantity`, `product_sku`, `product_short_description`, `product_long_description`, `product_image`, `product_status`, `product_view_status`, `discount_status`, `created_date_time`) VALUES
(14, 15, 'Energy Bulb', 300.00, 29, 24, '3354223', 'Energy Bulb Short Description', '<p>\r\n Energy Bulb long Description</p>\r\n', 'images/product/01.jpg', 1, 305, 0, '2013-09-12 09:40:02'),
(15, 16, 'Table Fan', 4000.00, 33, 642, '3354223321', 'Energy Bulb Short Description', '<p>\r\n Samsung prides itself in the differentiation the AMOLED screen technology brings to its high-ends, and it has indeed achieved the unthinkable with the Galaxy S 4 this time around - a five-inch panel with the amazing for OLED screen 441ppi pixel density. Not only that, but it debuts the first octo-core Exynos 5 Octa processor in the international version, as well as a temperature and depth sensor for the first time. With features like Floating Touch and hand gestures you can control the phone without even touching the display, while the S Health and S Translator integration add to the unique aura around the S 4 as a truly human companion.</p>\r\n', 'images/product/03.jpg', 1, 203, 0, '2013-09-12 09:44:16'),
(16, 17, 'Machine Tools', 400.00, 2, 685, '3354223321232', 'Machine Tools Short Description', '<p>\r\n Machine Tools long Description</p>\r\n', 'images/product/09.jpg', 1, 113, 0, '2013-09-12 09:45:41'),
(17, 17, 'Measurement  Tools', 300.00, 9, 570, '3354223321121', 'Measurement  Tools Short Description', '<p>\r\n Measurement&nbsp; Tools Short Description</p>\r\n', 'images/product/02.jpg', 1, 221, 0, '2013-09-12 09:47:42'),
(18, 13, 'Keds', 2000.00, 73, 581, '3354223', 'Short Description:', '<p>\r\n long Description:</p>\r\n', 'images/product/04.jpg', 1, 202, 0, '2013-09-12 09:49:24'),
(19, 17, 'Nail Cutter', 100.00, 10, 675, '3354223321', 'Short Description', '<p>\r\n Long Description</p>\r\n', 'images/product/05.jpg', 1, 78, 1, '2013-09-12 09:50:32'),
(20, 14, 'Galaxy S4', 63000.00, 947, 731, '3354223', 'Samsung prides itself in the differentiation the AMOLED screen technology brings to its high-end', '<p>\r\n Samsung prides itself in the differentiation the AMOLED screen technology brings to its high-ends, and it has indeed achieved the unthinkable with the Galaxy S 4 this time around - a five-inch panel with the amazing for OLED screen 441ppi pixel density. Not only that, but it debuts the first octo-core Exynos 5 Octa processor in the international version, as well as a temperature and depth sensor for the first time. With features like Floating Touch and hand gestures you can control the phone without even touching the display, while the S Health and S Translator integration add to the unique aura around the S 4 as a truly human companion.</p>\r\n', 'images/product/gallexy-s4.jpg', 1, 472, 1, '2013-09-12 09:54:47'),
(21, 14, 'Sony Xperia Z Ultra', 60000.00, 14, 827, '3354223321', 'sony prides itself in the differentiation the AMOLED screen technology brings to its high-ends', '<p>\r\n sony prides itself in the differentiation the AMOLED screen technology brings to its high-ends, and it has indeed achieved the unthinkable with the Galaxy S 4 this time around - a five-inch panel with the amazing for OLED screen 441ppi pixel density. Not only that, but it debuts the first octo-core Exynos 5 Octa processor in the international version, as well as a temperature and depth sensor for the first time. With features like Floating Touch and hand gestures you can control the phone without even touching the display, while the S Health and S Translator integration add to the unique aura around the S 4 as a truly human companion.</p>\r\n', 'images/product/gsmarena_001_(1).jpg', 1, 509, 1, '2013-09-12 09:56:29'),
(22, 17, 'Paper Weight', 300.00, 90, 624, '2312312i', 'Paper Weight Short Description', '<p>\r\n Paper Weight Long Description</p>\r\n', 'images/product/071.jpg', 1, 51, 1, '2013-09-27 15:58:11'),
(23, 17, 'Stepler', 300.00, 200, 0, 'hu324234', 'A stapler is a mechanical device that joins sheets of paper', '<p >\r  A&nbsp;<b>stapler</b>&nbsp;is a mechanical device that joins sheets of&nbsp;<a href="http://en.wikipedia.org/wiki/Paper"  title "Paper">paper</a>&nbsp;or similar material by driving a thin metal&nbsp;<a href="http://en.wikipedia.org/wiki/Staple_(fastener)"  title "Staple (fastener)">staple</a>&nbsp;through the sheets and folding the ends. Staplers are widely used in government, business,&nbsp;<a href="http://en.wikipedia.org/wiki/Office"  title "Office">offices</a>, homes and&nbsp;<a href="http://en.wikipedia.org/wiki/School"  title "School">schools</a>.&nbsp;<sup class="reference" id="cite_ref-1" ><a href="http://en.wikipedia.org/wiki/Stapler#cite_note-1" >[1]</a></sup></p>\r <p >\r  The word &quot;stapler&quot; can actually refer to a number of different devices of varying uses. In addition to joining paper sheets together, staplers can also be used in a surgical setting to join tissue together with&nbsp;<a class="mw-redirect" href="http://en.wikipedia.org/wiki/Surgical_staples"  title "Surgical staples">surgical staples</a>&nbsp;to close a surgical wound (much in the same way as&nbsp;<a class="mw-redirect" href="http://en.wikipedia.org/wiki/Stitches"  title "Stitches">stitches</a>&nbsp;or&nbsp;<a class="mw-redirect" href="http://en.wikipedia.org/wiki/Sutures"  title="Sutures">sutures</a>).</p>\r <p >\r\n Typically, most staplers are used to join multiple sheets of paper. Paper staplers come in two distinct types: manual and electric. Manual staplers are normally hand-held, although models that are used while set on a desk or other surface are not uncommon. Electric staplers exist in a variety of different designs and models. Their primary operating function is to join large numbers of paper sheets together in rapid succession. Some electric staplers can join up to 20 sheets at a time.</p>\r\n', 'images/product/081.jpg', 1, 5, 0, '2013-11-14 05:55:22'),
(24, 0, 'pencil', 300.00, 200, 0, 'hu324234', 'A pencil is a', '<p>\r\n fsadfsfsdd</p>\r\n', 'images/product/0112.jpg', 1, 3, 0, '2013-11-23 16:15:27');

-- --------------------------------------------------------

--
-- Table structure for table `tbl_shipping`
--

CREATE TABLE IF NOT EXISTS `tbl_shipping` (
  `shipping_id` int(6) NOT NULL AUTO_INCREMENT,
  `customer_id` int(5) NOT NULL,
  `full_name` varchar(50) NOT NULL,
  `phone_no` varchar(14) NOT NULL,
  `city` varchar(50) NOT NULL,
  `country` varchar(50) NOT NULL,
  `zip_code` varchar(5) NOT NULL,
  `address` text NOT NULL,
  PRIMARY KEY (`shipping_id`)
) ENGINE=MyISAM  DEFAULT CHARSET=utf8 AUTO_INCREMENT=107 ;

--
-- Dumping data for table `tbl_shipping`
--

INSERT INTO `tbl_shipping` (`shipping_id`, `customer_id`, `full_name`, `phone_no`, `city`, `country`, `zip_code`, `address`) VALUES
(1, 21, 'Md. Samsul Alam', '01711231142', 'Ishurdi', 'Bangladesh', '6622', 'Pabna.Ishurdi'),
(2, 21, 'Md. Samsul Alam', '01711231142', 'Ishurdi', 'Bangladesh', '1205', 'ishurdi'),
(3, 21, 'Shafiul Alam', '01711231142', 'Dhaka', 'bangladesh', '1208', 'Dhaka'),
(4, 15, 'saahil alam talha', '01912383496', 'dhaka', 'bangladesh', '1212', 'Dhaka'),
(5, 15, 'saahil alam talha', '01912383496', 'dhaka', 'bangladesh', '1212', 'Dhaka'),
(6, 15, 'saahil alam talha', '01912383496', 'dhaka', 'bangladesh', '1212', 'Dhaka'),
(7, 15, 'saahil alam talha', '01912383496', 'dhaka', 'bangladesh', '1212', 'Dhaka'),
(8, 15, 'saahil alam talha', '01912383496', 'dhaka', 'bangladesh', '1212', 'Dhaka'),
(9, 15, 'saahil alam talha', '01912383496', 'dhaka', 'bangladesh', '1212', 'Dhaka'),
(10, 24, 'juelrana', '01912383496', 'dhaka', 'bangladesh', '1208', 'dhaka'),
(11, 15, 'saahil alam talha', '01912383496', 'dhaka', 'bangladesh', '1212', 'Dhaka'),
(12, 24, 'juel rana', '01912383496', 'dhaka', 'bangladesh', '1208', 'dhaka'),
(13, 15, 'saahil alam talha', '01912383496', 'dhaka', 'bangladesh', '1212', 'Dhaka'),
(14, 15, 'saahil alam talha', '01912383496', 'dhaka', 'bangladesh', '1212', 'Dhaka'),
(15, 15, 'saahil alam talha', '01912383496', 'dhaka', 'bangladesh', '1212', 'Dhaka'),
(16, 15, 'saahil alam talha', '01912383496', 'dhaka', 'bangladesh', '1212', 'Dhaka'),
(17, 15, 'saahil alam talha', '01912383496', 'dhaka', 'bangladesh', '1212', 'Dhaka'),
(18, 15, 'juel rana', '01912383496', 'Banani', 'Bangladesh', '7200', 'house#24E,Road#13C'),
(19, 15, 'saahil alam talha', '01912383496', 'dhaka', 'bangladesh', '1212', 'Dhaka'),
(20, 15, 'saahil alam talha', '01912383496', 'dhaka', 'bangladesh', '1212', 'Dhaka'),
(26, 15, 'saahil alam talha', '01912383496', 'dhaka', 'bangladesh', '1212', 'Dhaka'),
(22, 24, 'juelrana', '01912383496', 'dhaka', 'bangladesh', '1208', 'dhaka'),
(23, 15, 'saahil alam talha', '01912383496', 'dhaka', 'bangladesh', '1212', 'Dhaka'),
(24, 15, 'saahil alam talha', '01912383496', 'dhaka', 'bangladesh', '1212', 'Dhaka'),
(25, 15, 'saahil alam talha', '01912383496', 'dhaka', 'bangladesh', '1212', 'Dhaka'),
(27, 15, 'saahil alam talha', '01912383496', 'dhaka', 'bangladesh', '1212', 'Dhaka'),
(28, 24, 'juelrana', '01912383496', 'dhaka', 'bangladesh', '1208', 'dhaka'),
(29, 24, 'juelrana', '01912383496', 'dhaka', 'bangladesh', '1208', 'dhaka'),
(30, 24, 'juelrana', '01912383496', 'dhaka', 'bangladesh', '1208', 'dhaka'),
(31, 24, 'juelrana', '01912383496', 'dhaka', 'bangladesh', '1208', 'dhaka'),
(32, 24, 'juelrana', '01912383496', 'dhaka', 'bangladesh', '1208', 'dhaka'),
(33, 24, 'juelrana', '01912383496', 'dhaka', 'bangladesh', '1208', 'dhaka'),
(34, 24, 'juelrana', '01912383496', 'dhaka', 'bangladesh', '1208', 'dhaka'),
(35, 24, 'juelrana', '01912383496', 'dhaka', 'bangladesh', '1208', 'dhaka'),
(36, 24, 'juelrana', '01912383496', 'dhaka', 'bangladesh', '1208', 'dhaka'),
(37, 24, 'juelrana', '01912383496', 'dhaka', 'bangladesh', '1208', 'dhaka'),
(38, 24, 'juelrana', '01912383496', 'dhaka', 'bangladesh', '1208', 'dhaka'),
(39, 24, 'juelrana', '01912383496', 'dhaka', 'bangladesh', '1208', 'dhaka'),
(40, 24, 'juelrana', '01912383496', 'dhaka', 'bangladesh', '1208', 'dhaka'),
(41, 24, 'juelrana', '01912383496', 'dhaka', 'bangladesh', '1208', 'dhaka'),
(42, 24, 'juelrana', '01912383496', 'dhaka', 'bangladesh', '1208', 'dhaka'),
(43, 24, 'juelrana', '01912383496', 'dhaka', 'bangladesh', '1208', 'dhaka'),
(44, 24, 'juelrana', '01912383496', 'dhaka', 'bangladesh', '1208', 'dhaka'),
(45, 24, 'Jamil', '01912383496', 'dhaka', 'dhaka', '1212', 'dhaka'),
(46, 24, 'juelrana', '01912383496', 'dhaka', 'bangladesh', '1208', 'dhaka'),
(47, 24, 'juelrana', '01912383496', 'dhaka', 'bangladesh', '1208', 'dhaka'),
(48, 24, 'juelrana', '01912383496', 'dhaka', 'bangladesh', '1208', 'dhaka'),
(49, 24, 'juelrana', '01912383496', 'dhaka', 'bangladesh', '1208', 'dhaka'),
(50, 24, 'juelrana', '01912383496', 'dhaka', 'bangladesh', '1208', 'dhaka'),
(51, 24, 'juelrana', '01912383496', 'dhaka', 'bangladesh', '1208', 'dhaka'),
(52, 24, 'juelrana', '01912383496', 'dhaka', 'bangladesh', '1208', 'dhaka'),
(53, 24, 'juelrana', '01912383496', 'dhaka', 'bangladesh', '1208', 'dhaka'),
(54, 24, 'juelrana', '01912383496', 'dhaka', 'bangladesh', '1208', 'dhaka'),
(55, 24, 'juelrana', '01912383496', 'dhaka', 'bangladesh', '1208', 'dhaka'),
(56, 24, 'juelrana', '01912383496', 'dhaka', 'bangladesh', '1208', 'dhaka'),
(57, 24, 'juelrana', '01912383496', 'dhaka', 'bangladesh', '1208', 'dhaka'),
(58, 24, 'juelrana', '01912383496', 'dhaka', 'bangladesh', '1208', 'dhaka'),
(59, 24, 'juelrana', '01912383496', 'dhaka', 'bangladesh', '1208', 'dhaka'),
(60, 24, 'juelrana', '01912383496', 'dhaka', 'bangladesh', '1208', 'dhaka'),
(61, 24, 'juelrana', '01912383496', 'dhaka', 'bangladesh', '1208', 'dhaka'),
(62, 24, 'juelrana', '01912383496', 'dhaka', 'bangladesh', '1208', 'dhaka'),
(63, 24, 'juelrana', '01912383496', 'dhaka', 'bangladesh', '1208', 'dhaka'),
(64, 24, 'juelrana', '01912383496', 'dhaka', 'bangladesh', '1208', 'dhaka'),
(65, 24, 'juelrana', '01912383496', 'dhaka', 'bangladesh', '1208', 'dhaka'),
(66, 24, 'juelrana', '01912383496', 'dhaka', 'bangladesh', '1208', 'dhaka'),
(67, 24, 'juelrana', '01912383496', 'dhaka', 'bangladesh', '1208', 'dhaka'),
(68, 24, 'juelrana', '01912383496', 'dhaka', 'bangladesh', '1208', 'dhaka'),
(69, 24, 'juelrana', '01912383496', 'dhaka', 'bangladesh', '1208', 'dhaka'),
(70, 24, 'juelrana', '01912383496', 'dhaka', 'bangladesh', '1208', 'dhaka'),
(71, 25, 'Jamil', '01723800196', 'Chuadanga', 'bangladesh', '7200', 'Chuadanga'),
(72, 26, 'khalid', '01723800196', 'dhaka', 'India', '7200', 'dhaka'),
(73, 28, 'mukul', '01723800196', 'dhaka', 'Pakistan', '7200', 'dhaka'),
(74, 29, 'jahid', '01723800196', 'dhaka', 'bangladesh', '7200', 'dhaka'),
(75, 30, 'bappy', '01912383496', 'dhaka', 'bangladesh', '7200', 'dhaka'),
(76, 27, 'mukul', '01723800196', 'dhaka', 'Pakistan', '7200', 'dhaka'),
(77, 30, 'bappy', '01912383496', 'dhaka', 'bangladesh', '7200', 'dhaka'),
(78, 30, 'bappy', '01912383496', 'dhaka', 'bangladesh', '7200', 'dhaka'),
(79, 24, 'juelrana', '01912383496', 'dhaka', 'bangladesh', '1208', 'dhaka'),
(80, 27, 'mukul', '01723800196', 'dhaka', 'Pakistan', '7200', 'dhaka'),
(81, 29, 'jahid', '01723800196', 'dhaka', 'bangladesh', '7200', 'dhaka'),
(82, 24, 'juelrana', '01912383496', 'dhaka', 'bangladesh', '1208', 'dhaka'),
(83, 24, 'juelrana', '01912383496', 'dhaka', 'bangladesh', '1208', 'dhaka'),
(84, 27, 'mukul', '01723800196', 'dhaka', 'Pakistan', '7200', 'dhaka'),
(85, 29, 'jahid', '01723800196', 'dhaka', 'bangladesh', '7200', 'dhaka'),
(86, 24, 'juelrana', '01912383496', 'dhaka', 'bangladesh', '1208', 'dhaka'),
(87, 30, 'bappy', '01912383496', 'dhaka', 'bangladesh', '7200', 'dhaka'),
(88, 25, 'Jamil', '01723800196', 'Chuadanga', 'bangladesh', '7200', 'Chuadanga'),
(89, 24, 'juelrana', '01912383496', 'dhaka', 'bangladesh', '1208', 'dhaka'),
(90, 27, 'mukul', '01723800196', 'dhaka', 'Pakistan', '7200', 'dhaka'),
(91, 29, 'mukul', '01912383496', 'Chuadanga', 'dhaka', '7200', 'hhhhh'),
(92, 31, 'Aktar', '01912383496', 'dhaka', 'dhaka', '1212', 'dHAKA'),
(93, 24, 'juelrana', '01912383496', 'dhaka', 'bangladesh', '1208', 'dhaka'),
(94, 27, 'mukul', '01723800196', 'dhaka', 'Pakistan', '7200', 'dhaka'),
(95, 24, 'juelrana', '01912383496', 'dhaka', 'bangladesh', '1208', 'dhaka'),
(96, 24, '', '', '', '', '', ''),
(97, 32, 'bappy', '01912383496', 'Chuadanga', 'dhaka', '7200', 'jjhg'),
(98, 33, 'Md. Jakaria Hosen Bappi', '01731337536', 'dhaka', 'bangladesh', '5821', 'Bogra'),
(99, 24, 'juelrana', '01912383496', 'dhaka', 'bangladesh', '1208', 'dhaka'),
(100, 35, 'Rana', '01717006334', 'Dhaka', 'bangladesh', '1215', 'Jhigatola,Dhaka.'),
(101, 36, 'Aktar', '01912383496', 'Chuadanga', 'dhaka', '7200', 'dhaka'),
(102, 37, 'tuhin', 'dhaka', 'dhaka', 'bangladesh', '12345', 'dhaka'),
(103, 27, 'mukul', '01723800196', 'dhaka', 'Pakistan', '7200', 'dhaka'),
(104, 24, 'juelrana', '01912383496', 'dhaka', 'bangladesh', '1208', 'dhaka'),
(105, 24, 'juelrana', '01912383496', 'dhaka', 'bangladesh', '1208', 'dhaka'),
(106, 24, 'juelrana', '01912383496', 'dhaka', 'bangladesh', '1208', 'dhaka');

-- --------------------------------------------------------

--
-- Table structure for table `tbl_subscriber`
--

CREATE TABLE IF NOT EXISTS `tbl_subscriber` (
  `subscriber_id` int(5) NOT NULL AUTO_INCREMENT,
  `email_address` varchar(256) NOT NULL,
  PRIMARY KEY (`subscriber_id`)
) ENGINE=InnoDB  DEFAULT CHARSET=utf8 AUTO_INCREMENT=4 ;

--
-- Dumping data for table `tbl_subscriber`
--

INSERT INTO `tbl_subscriber` (`subscriber_id`, `email_address`) VALUES
(1, 'juel@gmail.com'),
(2, 'rana@gmail.com'),
(3, 'khalid@gmail.com');

/*!40101 SET CHARACTER_SET_CLIENT=@OLD_CHARACTER_SET_CLIENT */;
/*!40101 SET CHARACTER_SET_RESULTS=@OLD_CHARACTER_SET_RESULTS */;
/*!40101 SET COLLATION_CONNECTION=@OLD_COLLATION_CONNECTION */;
